[
{"bit_blasted_port_style":"%s_%d",
"boundary_optimize_invert_hier_pins":"false",
"boundary_optimize_invert_hier_pins_renaming_extension":"_BAR",
"delete_unloaded_insts":"true",
"delete_unloaded_seqs":"true",
"dpopt_retain_datapath_connections":"false",
"driver_for_unloaded_hier_pins":"Z",
"fv_retain_carrysave_connections":"",
"has_resized_timing_model":"false",
"hdl_allow_inout_const_port_connect":"false",
"hdl_allow_instance_name_conflict":"false",
"hdl_append_generic_ports":"true",
"hdl_array_naming_style":"%s[%d]",
"hdl_async_set_reset":"",
"hdl_auto_async_set_reset":"false",
"hdl_auto_exec_sdc_scripts":"true",
"hdl_auto_sync_set_reset":"true",
"hdl_bidirectional_assign":"false",
"hdl_bidirectional_wand_wor_assign":"false",
"hdl_bus_wire_naming_style":"%s[%d]",
"hdl_case_mux_threshold":"2",
"hdl_case_sensitive_instances":"none",
"hdl_convert_onebit_vector_to_scalar":"false",
"hdl_create_label_for_unlabeled_generate":"true",
"hdl_cse_for_registers":"false",
"hdl_decimal_parameter_name":"false",
"hdl_delete_transparent_latch":"true",
"hdl_enable_proc_name":"false",
"hdl_ff_keep_explicit_feedback":"true",
"hdl_ff_keep_feedback":"false",
"hdl_flatten_complex_port":"false",
"hdl_generate_index_style":"%s[%d]",
"hdl_generate_separator":".",
"hdl_ignore_pragma_names":"coverage",
"hdl_index_mux_threshold":"8",
"hdl_infer_unresolved_from_logic_abstract":"true",
"hdl_instance_array_naming_style":"%s[%d]",
"hdl_interface_separator":"_",
"hdl_keep_first_module_definition":"false",
"hdl_language":"v2001",
"hdl_latch_keep_feedback":"false",
"hdl_link_from_any_lib":"true",
"hdl_max_loop_limit":"4096",
"hdl_max_map_to_mux_control_width":"10",
"hdl_max_memory_address_range":"16384",
"hdl_max_recursion_limit":"1024",
"hdl_nc_compatible_module_linking":"true",
"hdl_overwrite_command_line_macros":"true",
"hdl_parameter_naming_style":"_%s%d",
"hdl_preserve_async_sr_priority_logic":"false",
"hdl_preserve_dangling_output_nets":"true",
"hdl_preserve_supply_nets":"true",
"hdl_preserve_sync_ctrl_logic":"false",
"hdl_preserve_sync_set_reset":"false",
"hdl_preserve_unused_flop":"false",
"hdl_preserve_unused_latch":"false",
"hdl_preserve_unused_registers":"false",
"hdl_primitive_input_multibit":"false",
"hdl_record_naming_style":"%s[%s]",
"hdl_reg_naming_style":"%s_reg%s",
"hdl_rename_cdn_flop_pins":"",
"hdl_report_case_info":"false",
"hdl_resolve_instance_with_libcell":"false",
"hdl_resolve_parameterized_instance_with_structural_module":"false",
"hdl_sv_module_wrapper":"false",
"hdl_sync_set_reset":"",
"hdl_track_filename_row_col":"false",
"hdl_track_module_elab_memory_and_runtime":"false",
"hdl_unconnected_input_port_value":"0",
"hdl_unconnected_marking_done":"true",
"hdl_unconnected_value":"0",
"hdl_unconnected_value":"0",
"hdl_undriven_output_port_value":"0",
"hdl_undriven_signal_value":"0",
"hdl_use_block_prefix":"true",
"hdl_use_current_dir_before_hdl_search_path":"false",
"hdl_use_cw_first":"false",
"hdl_use_default_parameter_values_in_design_name":"false",
"hdl_use_default_parameter_values_in_name":"false",
"hdl_use_for_generate_prefix":"true",
"hdl_use_if_generate_prefix":"true",
"hdl_use_parameterized_module_by_name":"false",
"hdl_use_params_in_cell_search":"true",
"hdl_use_port_default_value":"true",
"hdl_verilog_defines":"SYNTHESIS",
"hdl_vhdl_assign_width_mismatch":"false",
"hdl_vhdl_case":"original",
"hdl_vhdl_environment":"common",
"hdl_vhdl_lrm_compliance":"false",
"hdl_vhdl_preferred_architecture":"",
"hdl_vhdl_range_opto":"false",
"hdl_vhdl_read_version":"1993",
"hdl_vname_hier_separator":"/",
"hdl_zero_replicate_is_null":"true",
"init_hdl_search_path":"/DIG_DESIGN/INTERNS/dic_lab_02/sriman/benchmark5/rtl",
"init_lib_search_path":"/DIG_DESIGN/INTERNS/PDK_DIC",
"iopt_sequential_duplication":"false",
"iopt_sequential_resynthesis":"true",
"iopt_sequential_resynthesis_min_effort":"high",
"lbr_seq_in_out_phase_opto":"false",
"lef_library":"",
"lib_search_path":"/DIG_DESIGN/INTERNS/PDK_DIC",
"lp_clock_gating_auto_control":"none",
"lp_insert_clock_gating":"false",
"multibit_allow_unused_bits":"true",
"multibit_auto_exclude_registers_with_exceptions":"false",
"multibit_cells_from_different_busses":"true",
"multibit_predefined_allow_unused_bits":"false",
"multibit_prefix_string":"CDN_MBIT_",
"multibit_preserve_inferred_instances":"false",
"multibit_preserved_net_check":"false",
"multibit_seqs_instance_naming_style":"concat",
"multibit_seqs_members_naming_style":"%s%d %s%d_reg %s_%d_ %s_%d_reg {%s[%d]} {%s[%d]_reg}",
"multibit_seqs_name_concat_string":"_MB_",
"multibit_short_prefix_string":"_CDN_CPX_",
"multibit_split_string":"_split_",
"multibit_unused_input_value":"0",
"one_pass_formal_verification":"false",
"optimize_constant_0_flops":"true",
"optimize_constant_1_flops":"true",
"optimize_constant_feedback_seqs":"true",
"optimize_constant_latches":"true",
"optimize_merge_flops":"true",
"optimize_merge_latches":"true",
"optimize_seq_x_to":"0",
"program_name":"Genus(TM) Synthesis Solution",
"program_version":"20.10-p001_1",
"ungroup_separator":"_",
"use_abstract_models":"false",
"wlec_add_golden_driver_info":"true",
"wlec_add_noblack_box_retime_subdesign":"true",
"wlec_alias_flow":"true",
"wlec_analyze_abort":"false",
"wlec_analyze_dp_flowgraph":"true",
"wlec_analyze_module_partial_sum":"false",
"wlec_analyze_setup":"false",
"wlec_auto_analyze":"true",
"wlec_cg_declone_hier_compare":"true",
"wlec_checkpoint":"",
"wlec_checkpoint_equations_only":"false",
"wlec_compare_threads":"4",
"wlec_composite_compare":"true",
"wlec_cut_point":"none",
"wlec_dft_constraint_file":"",
"wlec_flatten_model_lib_latch_fold":"false",
"wlec_flatten_model_lib_seq_redundant":"false",
"wlec_g1_has_iso_inserted":"false",
"wlec_gzip_fv_json":"false",
"wlec_hier_comp_threshold":"50",
"wlec_ignore_ovf":"false",
"wlec_keep_top_level_constraints":"false",
"wlec_lib_statetable":"true",
"wlec_low_power_analysis":"false",
"wlec_mapping_file_flow":"true",
"wlec_multithread_license_list":"",
"wlec_name_for_alias_flow":"original_name",
"wlec_ncprotect_keydb":"true",
"wlec_no_exit":"false",
"wlec_old_lp_ec_flow":"false",
"wlec_one_hot_mux":"false",
"wlec_parallel_threads":"4",
"wlec_post_add_notranslate_modules":"",
"wlec_pre_compare":"",
"wlec_pre_design_read":"",
"wlec_pre_exit":"",
"wlec_pre_read":"",
"wlec_retime_module_uniquify":"true",
"wlec_rtl_name_mapping_flow":"false",
"wlec_rtl_names_flow":"false",
"wlec_rtl_top":"",
"wlec_run_hier_check_noneq":"false",
"wlec_set_cdn_synth_root":"false",
"wlec_skip_iso_check_hier_compare":"false",
"wlec_skip_lvl_check_hier_compare":"false",
"wlec_stop_after_syn_eqn_mismatch":"false",
"wlec_uniquify":"true",
"wlec_use_analyze_results":"true",
"wlec_use_check_equation":"false",
"wlec_use_constant_function_timing_model":"true",
"wlec_use_cpf_for_library":"true",
"wlec_use_extconst":"false",
"wlec_use_io_pad":"true",
"wlec_use_lec_model":"true",
"wlec_use_smart_lec":"false",
"wlec_verbose":"false",
"wlec_write_cpf_lp_ec_flow":"true",
"wlec_write_lec_flow_auto_submit":"false",
"wlec_write_name_mapping_file":"false",
"write_vlog_bit_blast_mapped_ports":"false",
"write_vlog_convert_onebit_vector_to_scalar":"false",
"write_vlog_empty_module_for_black_box":"false",
"write_vlog_no_negative_index":"false",
"object":"/",
"type":"root"},
{"commit_cpf_done":"false",
"hdl_filelist":"{default -vhdl1993 {SYNTHESIS} {/DIG_DESIGN/INTERNS/dic_lab_02/sriman/benchmark5/rtl/b15.vhd} {/DIG_DESIGN/INTERNS/dic_lab_02/sriman/benchmark5/rtl} {}}",
"hdl_user_name":"b15",
"is_retimed":"false",
"lp_clock_gating_style":"latch",
"pi_commit_done":"false",
"seq_reason_deleted":"{StateNA unloaded} {Extended unloaded} {NonAligned unloaded} {{DataWidth_reg[2]} {{constant 0}}} {{DataWidth_reg[3]} {{constant 0}}} {{DataWidth_reg[4]} {{constant 0}}} {{DataWidth_reg[5]} {{constant 0}}} {{DataWidth_reg[6]} {{constant 0}}} {{DataWidth_reg[7]} {{constant 0}}} {{DataWidth_reg[8]} {{constant 0}}} {{DataWidth_reg[9]} {{constant 0}}} {{DataWidth_reg[10]} {{constant 0}}} {{DataWidth_reg[11]} {{constant 0}}} {{DataWidth_reg[12]} {{constant 0}}} {{DataWidth_reg[13]} {{constant 0}}} {{DataWidth_reg[14]} {{constant 0}}} {{DataWidth_reg[15]} {{constant 0}}} {{DataWidth_reg[16]} {{constant 0}}} {{DataWidth_reg[17]} {{constant 0}}} {{DataWidth_reg[18]} {{constant 0}}} {{DataWidth_reg[19]} {{constant 0}}} {{DataWidth_reg[20]} {{constant 0}}} {{DataWidth_reg[21]} {{constant 0}}} {{DataWidth_reg[22]} {{constant 0}}} {{DataWidth_reg[23]} {{constant 0}}} {{DataWidth_reg[24]} {{constant 0}}} {{DataWidth_reg[25]} {{constant 0}}} {{DataWidth_reg[26]} {{constant 0}}} {{DataWidth_reg[27]} {{constant 0}}} {{DataWidth_reg[28]} {{constant 0}}} {{DataWidth_reg[29]} {{constant 0}}} {{DataWidth_reg[30]} {{constant 0}}} {{DataWidth_reg[31]} {{constant 0}}} {{Datao_reg[31]} {{constant 0}}} {{InstQueueWr_Addr_reg[4]} {{constant 0}}} {StateBS16_reg {{merged with DataWidth_reg[1]}}} {{InstQueueRd_Addr_reg[4]} {{constant 0}}}",
"seq_reason_deleted_rtl":"{StateNA unloaded} {Extended unloaded} {NonAligned unloaded} {{DataWidth[2]} {{constant 0}}} {{DataWidth[3]} {{constant 0}}} {{DataWidth[4]} {{constant 0}}} {{DataWidth[5]} {{constant 0}}} {{DataWidth[6]} {{constant 0}}} {{DataWidth[7]} {{constant 0}}} {{DataWidth[8]} {{constant 0}}} {{DataWidth[9]} {{constant 0}}} {{DataWidth[10]} {{constant 0}}} {{DataWidth[11]} {{constant 0}}} {{DataWidth[12]} {{constant 0}}} {{DataWidth[13]} {{constant 0}}} {{DataWidth[14]} {{constant 0}}} {{DataWidth[15]} {{constant 0}}} {{DataWidth[16]} {{constant 0}}} {{DataWidth[17]} {{constant 0}}} {{DataWidth[18]} {{constant 0}}} {{DataWidth[19]} {{constant 0}}} {{DataWidth[20]} {{constant 0}}} {{DataWidth[21]} {{constant 0}}} {{DataWidth[22]} {{constant 0}}} {{DataWidth[23]} {{constant 0}}} {{DataWidth[24]} {{constant 0}}} {{DataWidth[25]} {{constant 0}}} {{DataWidth[26]} {{constant 0}}} {{DataWidth[27]} {{constant 0}}} {{DataWidth[28]} {{constant 0}}} {{DataWidth[29]} {{constant 0}}} {{DataWidth[30]} {{constant 0}}} {{DataWidth[31]} {{constant 0}}} {{Datao[31]} {{constant 0}}} {{P1.InstQueueWr_Addr[4]} {{constant 0}}} {StateBS16 {{merged with DataWidth[1]}}} {{P1.InstQueueRd_Addr[4]} {{constant 0}}}",
"state":"mapped",
"obsolete_state":"mapped",
"verification_directory":"fv/b15",
"has_dp_shared_gint":"true",
"has_dp_rewrite_gint":"true",
"hdl_indexed_expr_mux_ctl_info":"{b15.InstQueue\n /DIG_DESIGN/INTERNS/dic_lab_02/sriman/benchmark5/rtl/b15.vhd 356 68 {(0) 32 5}} {b15.InstQueue\n /DIG_DESIGN/INTERNS/dic_lab_02/sriman/benchmark5/rtl/b15.vhd 357 77 {(0) 32 5}} {b15.InstQueue\n /DIG_DESIGN/INTERNS/dic_lab_02/sriman/benchmark5/rtl/b15.vhd 360 67 {(0) 32 5}} {b15.InstQueue\n /DIG_DESIGN/INTERNS/dic_lab_02/sriman/benchmark5/rtl/b15.vhd 371 63 {(0) 32 5}} {b15.InstQueue\n /DIG_DESIGN/INTERNS/dic_lab_02/sriman/benchmark5/rtl/b15.vhd 402 70 {(0) 32 5}} {b15.InstQueue\n /DIG_DESIGN/INTERNS/dic_lab_02/sriman/benchmark5/rtl/b15.vhd 402 120 {(0) 32 5}} {b15.InstQueue\n /DIG_DESIGN/INTERNS/dic_lab_02/sriman/benchmark5/rtl/b15.vhd 402 170 {(0) 32 5}} {b15.InstQueue\n /DIG_DESIGN/INTERNS/dic_lab_02/sriman/benchmark5/rtl/b15.vhd 391 70 {(0) 32 5}} {b15.InstQueue\n /DIG_DESIGN/INTERNS/dic_lab_02/sriman/benchmark5/rtl/b15.vhd 391 120 {(0) 32 5}} {b15.InstQueue\n /DIG_DESIGN/INTERNS/dic_lab_02/sriman/benchmark5/rtl/b15.vhd 391 170 {(0) 32 5}} {b15.InstQueue\n /DIG_DESIGN/INTERNS/dic_lab_02/sriman/benchmark5/rtl/b15.vhd 391 178 {(0) 32 5}}",
"object":"/designs/b15",
"type":"design"},
{"checkpoint_equation":"\"assign Z = $signed(A)+$signed(B); \"",
"logical_hier":"false",
"instances":"/designs/b15/instances_hier/add_371_59",
"has_dp_shared_gint":"false",
"has_dp_rewrite_gint":"false",
"object":"/designs/b15/subdesigns/add_signed_444",
"type":"subdesign"},
{"checkpoint_equation":"\"assign Z = $signed(A)+$signed(B); \"",
"logical_hier":"false",
"instances":"/designs/b15/instances_hier/add_371_63",
"has_dp_shared_gint":"false",
"has_dp_rewrite_gint":"false",
"object":"/designs/b15/subdesigns/add_signed_446",
"type":"subdesign"},
{"checkpoint_equation":"\"assign Z = $signed(A)+$signed(B); \"",
"logical_hier":"false",
"instances":"/designs/b15/instances_hier/add_339_46",
"has_dp_shared_gint":"false",
"has_dp_rewrite_gint":"false",
"object":"/designs/b15/subdesigns/add_signed_452",
"type":"subdesign"},
{"checkpoint_equation":"\"assign Z = $signed(A)+$signed(B); \"",
"logical_hier":"false",
"instances":"/designs/b15/instances_hier/add_430_42",
"has_dp_shared_gint":"false",
"has_dp_rewrite_gint":"false",
"object":"/designs/b15/subdesigns/add_signed_452_502",
"type":"subdesign"},
{"checkpoint_equation":"\"assign Z = $signed(A)+$signed(B); \"",
"logical_hier":"false",
"instances":"/designs/b15/instances_hier/add_536_56",
"has_dp_shared_gint":"false",
"has_dp_rewrite_gint":"false",
"object":"/designs/b15/subdesigns/add_signed_452_503",
"type":"subdesign"},
{"checkpoint_equation":"\"assign Z = $signed(A)+$signed(B); \"",
"logical_hier":"false",
"instances":"/designs/b15/instances_hier/add_315_36",
"has_dp_shared_gint":"false",
"has_dp_rewrite_gint":"false",
"object":"/designs/b15/subdesigns/add_signed_455",
"type":"subdesign"},
{"checkpoint_equation":"\"assign Z = $signed(A)+$signed(B)+$signed({1'b0,CI}); \"",
"logical_hier":"false",
"instances":"/designs/b15/instances_hier/final_adder_sub_357_67_Y_add_360_67",
"has_dp_shared_gint":"false",
"has_dp_rewrite_gint":"false",
"object":"/designs/b15/subdesigns/add_signed_carry_421",
"type":"subdesign"},
{"checkpoint_equation":"\"assign Z = A+CI; \"",
"logical_hier":"false",
"instances":"/designs/b15/instances_hier/inc_add_197_25_Y_inc_add_125_23",
"has_dp_shared_gint":"false",
"has_dp_rewrite_gint":"false",
"object":"/designs/b15/subdesigns/increment_signed_1105_12865",
"type":"subdesign"},
{"checkpoint_equation":"\"assign Z = A+CI; \"",
"logical_hier":"false",
"instances":"/designs/b15/instances_hier/inc_add_546_32",
"has_dp_shared_gint":"false",
"has_dp_rewrite_gint":"false",
"object":"/designs/b15/subdesigns/increment_signed_12869",
"type":"subdesign"},
{"checkpoint_equation":"\"assign Z = A+CI; \"",
"logical_hier":"false",
"instances":"/designs/b15/instances_hier/inc_add_344_56",
"has_dp_shared_gint":"false",
"has_dp_rewrite_gint":"false",
"object":"/designs/b15/subdesigns/increment_signed_12869_491",
"type":"subdesign"},
{"checkpoint_equation":"\"assign Z = A+CI; \"",
"logical_hier":"false",
"instances":"/designs/b15/instances_hier/inc_add_552_32",
"has_dp_shared_gint":"false",
"has_dp_rewrite_gint":"false",
"object":"/designs/b15/subdesigns/increment_signed_12869_492",
"type":"subdesign"},
{"checkpoint_equation":"\"assign Z = $signed(A)-$signed(B); \"",
"logical_hier":"false",
"instances":"/designs/b15/instances_hier/minus_320_12",
"has_dp_shared_gint":"false",
"has_dp_rewrite_gint":"false",
"object":"/designs/b15/subdesigns/sub_signed_388",
"type":"subdesign"},
{"checkpoint_equation":"\"assign Z = $signed(A)-$signed(B); \"",
"logical_hier":"false",
"instances":"/designs/b15/instances_hier/minus_414_13",
"has_dp_shared_gint":"false",
"has_dp_rewrite_gint":"false",
"object":"/designs/b15/subdesigns/sub_signed_388_504",
"type":"subdesign"},
{"files":"/DIG_DESIGN/INTERNS/PDK_DIC/slow_vdd1v0_basicCells_hvt.lib",
"object":"/libraries/slow_vdd1v0",
"type":"library"},
{"boundary_change":"gobbled",
"object":"/designs/b15/instances_hier/add_315_36/pins_in/A[1]",
"type":"pin"},
{"boundary_change":"gobbled",
"object":"/designs/b15/instances_hier/add_315_36/pins_in/A[0]",
"type":"pin"},
{"boundary_change":"constant 0 propagated",
"object":"/designs/b15/instances_hier/add_315_36/pins_in/B[3]",
"type":"pin"},
{"boundary_change":"constant 1 propagated",
"object":"/designs/b15/instances_hier/add_315_36/pins_in/B[2]",
"type":"pin"},
{"boundary_change":"constant 0 propagated",
"object":"/designs/b15/instances_hier/add_315_36/pins_in/B[1]",
"type":"pin"},
{"boundary_change":"constant 0 propagated",
"object":"/designs/b15/instances_hier/add_315_36/pins_in/B[0]",
"type":"pin"},
{"boundary_change":"routed opposite signal through 'add_315_36/A[2]' around 'add_315_36'",
"object":"/designs/b15/instances_hier/add_315_36/pins_out/Z[2]",
"type":"pin"},
{"boundary_change":"routed equal signal through 'add_315_36/A[1]' around 'add_315_36'",
"object":"/designs/b15/instances_hier/add_315_36/pins_out/Z[1]",
"type":"pin"},
{"boundary_change":"routed equal signal through 'add_315_36/A[0]' around 'add_315_36'",
"object":"/designs/b15/instances_hier/add_315_36/pins_out/Z[0]",
"type":"pin"},
{"boundary_change":"gobbled",
"object":"/designs/b15/instances_hier/add_339_46/pins_in/A[0]",
"type":"pin"},
{"boundary_change":"constant 0 propagated",
"object":"/designs/b15/instances_hier/add_339_46/pins_in/B[2]",
"type":"pin"},
{"boundary_change":"constant 1 propagated",
"object":"/designs/b15/instances_hier/add_339_46/pins_in/B[1]",
"type":"pin"},
{"boundary_change":"constant 0 propagated",
"object":"/designs/b15/instances_hier/add_339_46/pins_in/B[0]",
"type":"pin"},
{"boundary_change":"routed opposite signal through 'add_339_46/A[1]' around 'add_339_46'",
"object":"/designs/b15/instances_hier/add_339_46/pins_out/Z[1]",
"type":"pin"},
{"boundary_change":"routed equal signal through 'add_339_46/A[0]' around 'add_339_46'",
"object":"/designs/b15/instances_hier/add_339_46/pins_out/Z[0]",
"type":"pin"},
{"boundary_change":"constant 0 propagated",
"object":"/designs/b15/instances_hier/add_371_59/pins_in/B[3]",
"type":"pin"},
{"boundary_change":"constant 1 propagated",
"object":"/designs/b15/instances_hier/add_371_59/pins_in/B[2]",
"type":"pin"},
{"boundary_change":"constant 0 propagated",
"object":"/designs/b15/instances_hier/add_371_59/pins_in/B[1]",
"type":"pin"},
{"boundary_change":"constant 1 propagated",
"object":"/designs/b15/instances_hier/add_371_59/pins_in/B[0]",
"type":"pin"},
{"boundary_change":"routed opposite signal through 'add_371_59/A[0]' around 'add_371_59'",
"object":"/designs/b15/instances_hier/add_371_59/pins_out/Z[0]",
"type":"pin"},
{"boundary_change":"constant 0 propagated",
"object":"/designs/b15/instances_hier/add_371_63/pins_in/B[8]",
"type":"pin"},
{"boundary_change":"gobbled",
"object":"/designs/b15/instances_hier/add_430_42/pins_in/A[0]",
"type":"pin"},
{"boundary_change":"constant 0 propagated",
"object":"/designs/b15/instances_hier/add_430_42/pins_in/B[2]",
"type":"pin"},
{"boundary_change":"constant 1 propagated",
"object":"/designs/b15/instances_hier/add_430_42/pins_in/B[1]",
"type":"pin"},
{"boundary_change":"constant 0 propagated",
"object":"/designs/b15/instances_hier/add_430_42/pins_in/B[0]",
"type":"pin"},
{"boundary_change":"routed opposite signal through 'add_430_42/A[1]' around 'add_430_42'",
"object":"/designs/b15/instances_hier/add_430_42/pins_out/Z[1]",
"type":"pin"},
{"boundary_change":"routed equal signal through 'add_430_42/A[0]' around 'add_430_42'",
"object":"/designs/b15/instances_hier/add_430_42/pins_out/Z[0]",
"type":"pin"},
{"boundary_change":"gobbled",
"object":"/designs/b15/instances_hier/add_536_56/pins_in/A[0]",
"type":"pin"},
{"boundary_change":"constant 0 propagated",
"object":"/designs/b15/instances_hier/add_536_56/pins_in/B[2]",
"type":"pin"},
{"boundary_change":"constant 1 propagated",
"object":"/designs/b15/instances_hier/add_536_56/pins_in/B[1]",
"type":"pin"},
{"boundary_change":"constant 0 propagated",
"object":"/designs/b15/instances_hier/add_536_56/pins_in/B[0]",
"type":"pin"},
{"boundary_change":"routed opposite signal through 'add_536_56/A[1]' around 'add_536_56'",
"object":"/designs/b15/instances_hier/add_536_56/pins_out/Z[1]",
"type":"pin"},
{"boundary_change":"routed equal signal through 'add_536_56/A[0]' around 'add_536_56'",
"object":"/designs/b15/instances_hier/add_536_56/pins_out/Z[0]",
"type":"pin"},
{"boundary_change":"constant 0 propagated",
"object":"/designs/b15/instances_hier/final_adder_sub_357_67_Y_add_360_67/pins_in/A[31]",
"type":"pin"},
{"boundary_change":"pushed equal signal through 'final_adder_sub_357_67_Y_add_360_67/A[8]'",
"object":"/designs/b15/instances_hier/final_adder_sub_357_67_Y_add_360_67/pins_in/A[30]",
"type":"pin"},
{"boundary_change":"pushed equal signal through 'final_adder_sub_357_67_Y_add_360_67/A[8]'",
"object":"/designs/b15/instances_hier/final_adder_sub_357_67_Y_add_360_67/pins_in/A[29]",
"type":"pin"},
{"boundary_change":"pushed equal signal through 'final_adder_sub_357_67_Y_add_360_67/A[8]'",
"object":"/designs/b15/instances_hier/final_adder_sub_357_67_Y_add_360_67/pins_in/A[28]",
"type":"pin"},
{"boundary_change":"pushed equal signal through 'final_adder_sub_357_67_Y_add_360_67/A[8]'",
"object":"/designs/b15/instances_hier/final_adder_sub_357_67_Y_add_360_67/pins_in/A[27]",
"type":"pin"},
{"boundary_change":"pushed equal signal through 'final_adder_sub_357_67_Y_add_360_67/A[8]'",
"object":"/designs/b15/instances_hier/final_adder_sub_357_67_Y_add_360_67/pins_in/A[26]",
"type":"pin"},
{"boundary_change":"pushed equal signal through 'final_adder_sub_357_67_Y_add_360_67/A[8]'",
"object":"/designs/b15/instances_hier/final_adder_sub_357_67_Y_add_360_67/pins_in/A[25]",
"type":"pin"},
{"boundary_change":"pushed equal signal through 'final_adder_sub_357_67_Y_add_360_67/A[8]'",
"object":"/designs/b15/instances_hier/final_adder_sub_357_67_Y_add_360_67/pins_in/A[24]",
"type":"pin"},
{"boundary_change":"pushed equal signal through 'final_adder_sub_357_67_Y_add_360_67/A[8]'",
"object":"/designs/b15/instances_hier/final_adder_sub_357_67_Y_add_360_67/pins_in/A[23]",
"type":"pin"},
{"boundary_change":"pushed equal signal through 'final_adder_sub_357_67_Y_add_360_67/A[8]'",
"object":"/designs/b15/instances_hier/final_adder_sub_357_67_Y_add_360_67/pins_in/A[22]",
"type":"pin"},
{"boundary_change":"pushed equal signal through 'final_adder_sub_357_67_Y_add_360_67/A[8]'",
"object":"/designs/b15/instances_hier/final_adder_sub_357_67_Y_add_360_67/pins_in/A[21]",
"type":"pin"},
{"boundary_change":"pushed equal signal through 'final_adder_sub_357_67_Y_add_360_67/A[8]'",
"object":"/designs/b15/instances_hier/final_adder_sub_357_67_Y_add_360_67/pins_in/A[20]",
"type":"pin"},
{"boundary_change":"pushed equal signal through 'final_adder_sub_357_67_Y_add_360_67/A[8]'",
"object":"/designs/b15/instances_hier/final_adder_sub_357_67_Y_add_360_67/pins_in/A[19]",
"type":"pin"},
{"boundary_change":"pushed equal signal through 'final_adder_sub_357_67_Y_add_360_67/A[8]'",
"object":"/designs/b15/instances_hier/final_adder_sub_357_67_Y_add_360_67/pins_in/A[18]",
"type":"pin"},
{"boundary_change":"pushed equal signal through 'final_adder_sub_357_67_Y_add_360_67/A[8]'",
"object":"/designs/b15/instances_hier/final_adder_sub_357_67_Y_add_360_67/pins_in/A[17]",
"type":"pin"},
{"boundary_change":"pushed equal signal through 'final_adder_sub_357_67_Y_add_360_67/A[8]'",
"object":"/designs/b15/instances_hier/final_adder_sub_357_67_Y_add_360_67/pins_in/A[16]",
"type":"pin"},
{"boundary_change":"pushed equal signal through 'final_adder_sub_357_67_Y_add_360_67/A[8]'",
"object":"/designs/b15/instances_hier/final_adder_sub_357_67_Y_add_360_67/pins_in/A[15]",
"type":"pin"},
{"boundary_change":"pushed equal signal through 'final_adder_sub_357_67_Y_add_360_67/A[8]'",
"object":"/designs/b15/instances_hier/final_adder_sub_357_67_Y_add_360_67/pins_in/A[14]",
"type":"pin"},
{"boundary_change":"pushed equal signal through 'final_adder_sub_357_67_Y_add_360_67/A[8]'",
"object":"/designs/b15/instances_hier/final_adder_sub_357_67_Y_add_360_67/pins_in/A[13]",
"type":"pin"},
{"boundary_change":"pushed equal signal through 'final_adder_sub_357_67_Y_add_360_67/A[8]'",
"object":"/designs/b15/instances_hier/final_adder_sub_357_67_Y_add_360_67/pins_in/A[12]",
"type":"pin"},
{"boundary_change":"pushed equal signal through 'final_adder_sub_357_67_Y_add_360_67/A[8]'",
"object":"/designs/b15/instances_hier/final_adder_sub_357_67_Y_add_360_67/pins_in/A[11]",
"type":"pin"},
{"boundary_change":"pushed equal signal through 'final_adder_sub_357_67_Y_add_360_67/A[8]'",
"object":"/designs/b15/instances_hier/final_adder_sub_357_67_Y_add_360_67/pins_in/A[10]",
"type":"pin"},
{"boundary_change":"pushed equal signal through 'final_adder_sub_357_67_Y_add_360_67/A[8]'",
"object":"/designs/b15/instances_hier/final_adder_sub_357_67_Y_add_360_67/pins_in/A[9]",
"type":"pin"},
{"boundary_change":"constant 1 propagated",
"object":"/designs/b15/instances_hier/inc_add_344_56/pins_in/CI",
"type":"pin"},
{"boundary_change":"routed opposite signal through 'inc_add_344_56/A[0]' around 'inc_add_344_56'",
"object":"/designs/b15/instances_hier/inc_add_344_56/pins_out/Z[0]",
"type":"pin"},
{"boundary_change":"constant 1 propagated",
"object":"/designs/b15/instances_hier/inc_add_546_32/pins_in/CI",
"type":"pin"},
{"boundary_change":"routed opposite signal through 'inc_add_546_32/A[0]' around 'inc_add_546_32'",
"object":"/designs/b15/instances_hier/inc_add_546_32/pins_out/Z[0]",
"type":"pin"},
{"boundary_change":"constant 1 propagated",
"object":"/designs/b15/instances_hier/inc_add_552_32/pins_in/CI",
"type":"pin"},
{"boundary_change":"routed opposite signal through 'inc_add_552_32/A[0]' around 'inc_add_552_32'",
"object":"/designs/b15/instances_hier/inc_add_552_32/pins_out/Z[0]",
"type":"pin"},
{"boundary_change":"constant 0 propagated",
"object":"/designs/b15/instances_hier/minus_320_12/pins_in/A",
"type":"pin"},
{"boundary_change":"routed equal signal through 'minus_320_12/B[0]' around 'minus_320_12'",
"object":"/designs/b15/instances_hier/minus_320_12/pins_out/Z[0]",
"type":"pin"},
{"boundary_change":"constant 0 propagated",
"object":"/designs/b15/instances_hier/minus_414_13/pins_in/A",
"type":"pin"},
{"boundary_change":"routed equal signal through 'minus_414_13/B[0]' around 'minus_414_13'",
"object":"/designs/b15/instances_hier/minus_414_13/pins_out/Z[0]",
"type":"pin"},
{"sequential":"true",
"gint_phase_inversion":"false",
"latch":"false",
"object":"/designs/b15/instances_seq/ADS_n_reg",
"type":"instance"},
{"sequential":"true",
"gint_phase_inversion":"false",
"latch":"false",
"object":"/designs/b15/instances_seq/Address_reg[0]",
"type":"instance"},
{"sequential":"true",
"gint_phase_inversion":"false",
"latch":"false",
"object":"/designs/b15/instances_seq/Address_reg[1]",
"type":"instance"},
{"sequential":"true",
"gint_phase_inversion":"false",
"latch":"false",
"object":"/designs/b15/instances_seq/Address_reg[2]",
"type":"instance"},
{"sequential":"true",
"gint_phase_inversion":"false",
"latch":"false",
"object":"/designs/b15/instances_seq/Address_reg[3]",
"type":"instance"},
{"sequential":"true",
"gint_phase_inversion":"false",
"latch":"false",
"object":"/designs/b15/instances_seq/Address_reg[4]",
"type":"instance"},
{"sequential":"true",
"gint_phase_inversion":"false",
"latch":"false",
"object":"/designs/b15/instances_seq/Address_reg[5]",
"type":"instance"},
{"sequential":"true",
"gint_phase_inversion":"false",
"latch":"false",
"object":"/designs/b15/instances_seq/Address_reg[6]",
"type":"instance"},
{"sequential":"true",
"gint_phase_inversion":"false",
"latch":"false",
"object":"/designs/b15/instances_seq/Address_reg[7]",
"type":"instance"},
{"sequential":"true",
"gint_phase_inversion":"false",
"latch":"false",
"object":"/designs/b15/instances_seq/Address_reg[8]",
"type":"instance"},
{"sequential":"true",
"gint_phase_inversion":"false",
"latch":"false",
"object":"/designs/b15/instances_seq/Address_reg[9]",
"type":"instance"},
{"sequential":"true",
"gint_phase_inversion":"false",
"latch":"false",
"object":"/designs/b15/instances_seq/Address_reg[10]",
"type":"instance"},
{"sequential":"true",
"gint_phase_inversion":"false",
"latch":"false",
"object":"/designs/b15/instances_seq/Address_reg[11]",
"type":"instance"},
{"sequential":"true",
"gint_phase_inversion":"false",
"latch":"false",
"object":"/designs/b15/instances_seq/Address_reg[12]",
"type":"instance"},
{"sequential":"true",
"gint_phase_inversion":"false",
"latch":"false",
"object":"/designs/b15/instances_seq/Address_reg[13]",
"type":"instance"},
{"sequential":"true",
"gint_phase_inversion":"false",
"latch":"false",
"object":"/designs/b15/instances_seq/Address_reg[14]",
"type":"instance"},
{"sequential":"true",
"gint_phase_inversion":"false",
"latch":"false",
"object":"/designs/b15/instances_seq/Address_reg[15]",
"type":"instance"},
{"sequential":"true",
"gint_phase_inversion":"false",
"latch":"false",
"object":"/designs/b15/instances_seq/Address_reg[16]",
"type":"instance"},
{"sequential":"true",
"gint_phase_inversion":"false",
"latch":"false",
"object":"/designs/b15/instances_seq/Address_reg[17]",
"type":"instance"},
{"sequential":"true",
"gint_phase_inversion":"false",
"latch":"false",
"object":"/designs/b15/instances_seq/Address_reg[18]",
"type":"instance"},
{"sequential":"true",
"gint_phase_inversion":"false",
"latch":"false",
"object":"/designs/b15/instances_seq/Address_reg[19]",
"type":"instance"},
{"sequential":"true",
"gint_phase_inversion":"false",
"latch":"false",
"object":"/designs/b15/instances_seq/Address_reg[20]",
"type":"instance"},
{"sequential":"true",
"gint_phase_inversion":"false",
"latch":"false",
"object":"/designs/b15/instances_seq/Address_reg[21]",
"type":"instance"},
{"sequential":"true",
"gint_phase_inversion":"false",
"latch":"false",
"object":"/designs/b15/instances_seq/Address_reg[22]",
"type":"instance"},
{"sequential":"true",
"gint_phase_inversion":"false",
"latch":"false",
"object":"/designs/b15/instances_seq/Address_reg[23]",
"type":"instance"},
{"sequential":"true",
"gint_phase_inversion":"false",
"latch":"false",
"object":"/designs/b15/instances_seq/Address_reg[24]",
"type":"instance"},
{"sequential":"true",
"gint_phase_inversion":"false",
"latch":"false",
"object":"/designs/b15/instances_seq/Address_reg[25]",
"type":"instance"},
{"sequential":"true",
"gint_phase_inversion":"false",
"latch":"false",
"object":"/designs/b15/instances_seq/Address_reg[26]",
"type":"instance"},
{"sequential":"true",
"gint_phase_inversion":"false",
"latch":"false",
"object":"/designs/b15/instances_seq/Address_reg[27]",
"type":"instance"},
{"sequential":"true",
"gint_phase_inversion":"false",
"latch":"false",
"object":"/designs/b15/instances_seq/Address_reg[28]",
"type":"instance"},
{"sequential":"true",
"gint_phase_inversion":"false",
"latch":"false",
"object":"/designs/b15/instances_seq/Address_reg[29]",
"type":"instance"},
{"sequential":"true",
"gint_phase_inversion":"false",
"latch":"false",
"object":"/designs/b15/instances_seq/BE_n_reg[0]",
"type":"instance"},
{"sequential":"true",
"gint_phase_inversion":"false",
"latch":"false",
"object":"/designs/b15/instances_seq/BE_n_reg[1]",
"type":"instance"},
{"sequential":"true",
"gint_phase_inversion":"false",
"latch":"false",
"object":"/designs/b15/instances_seq/BE_n_reg[2]",
"type":"instance"},
{"sequential":"true",
"gint_phase_inversion":"false",
"latch":"false",
"object":"/designs/b15/instances_seq/BE_n_reg[3]",
"type":"instance"},
{"sequential":"true",
"gint_phase_inversion":"false",
"latch":"false",
"object":"/designs/b15/instances_seq/ByteEnable_reg[0]",
"type":"instance"},
{"sequential":"true",
"gint_phase_inversion":"false",
"latch":"false",
"object":"/designs/b15/instances_seq/ByteEnable_reg[2]",
"type":"instance"},
{"sequential":"true",
"gint_phase_inversion":"false",
"latch":"false",
"object":"/designs/b15/instances_seq/ByteEnable_reg[3]",
"type":"instance"},
{"sequential":"true",
"gint_phase_inversion":"false",
"latch":"false",
"object":"/designs/b15/instances_seq/CodeFetch_reg",
"type":"instance"},
{"sequential":"true",
"gint_phase_inversion":"false",
"latch":"false",
"object":"/designs/b15/instances_seq/D_C_n_reg",
"type":"instance"},
{"sequential":"true",
"gint_phase_inversion":"false",
"latch":"false",
"object":"/designs/b15/instances_seq/DataWidth_reg[0]",
"type":"instance"},
{"sequential":"true",
"gint_phase_inversion":"false",
"latch":"false",
"object":"/designs/b15/instances_seq/Datao_reg[0]",
"type":"instance"},
{"sequential":"true",
"gint_phase_inversion":"false",
"latch":"false",
"object":"/designs/b15/instances_seq/Datao_reg[1]",
"type":"instance"},
{"sequential":"true",
"gint_phase_inversion":"false",
"latch":"false",
"object":"/designs/b15/instances_seq/Datao_reg[2]",
"type":"instance"},
{"sequential":"true",
"gint_phase_inversion":"false",
"latch":"false",
"object":"/designs/b15/instances_seq/Datao_reg[3]",
"type":"instance"},
{"sequential":"true",
"gint_phase_inversion":"false",
"latch":"false",
"object":"/designs/b15/instances_seq/Datao_reg[4]",
"type":"instance"},
{"sequential":"true",
"gint_phase_inversion":"false",
"latch":"false",
"object":"/designs/b15/instances_seq/Datao_reg[5]",
"type":"instance"},
{"sequential":"true",
"gint_phase_inversion":"false",
"latch":"false",
"object":"/designs/b15/instances_seq/Datao_reg[6]",
"type":"instance"},
{"sequential":"true",
"gint_phase_inversion":"false",
"latch":"false",
"object":"/designs/b15/instances_seq/Datao_reg[7]",
"type":"instance"},
{"sequential":"true",
"gint_phase_inversion":"false",
"latch":"false",
"object":"/designs/b15/instances_seq/Datao_reg[8]",
"type":"instance"},
{"sequential":"true",
"gint_phase_inversion":"false",
"latch":"false",
"object":"/designs/b15/instances_seq/Datao_reg[9]",
"type":"instance"},
{"sequential":"true",
"gint_phase_inversion":"false",
"latch":"false",
"object":"/designs/b15/instances_seq/Datao_reg[10]",
"type":"instance"},
{"sequential":"true",
"gint_phase_inversion":"false",
"latch":"false",
"object":"/designs/b15/instances_seq/Datao_reg[11]",
"type":"instance"},
{"sequential":"true",
"gint_phase_inversion":"false",
"latch":"false",
"object":"/designs/b15/instances_seq/Datao_reg[12]",
"type":"instance"},
{"sequential":"true",
"gint_phase_inversion":"false",
"latch":"false",
"object":"/designs/b15/instances_seq/Datao_reg[13]",
"type":"instance"},
{"sequential":"true",
"gint_phase_inversion":"false",
"latch":"false",
"object":"/designs/b15/instances_seq/Datao_reg[14]",
"type":"instance"},
{"sequential":"true",
"gint_phase_inversion":"false",
"latch":"false",
"object":"/designs/b15/instances_seq/Datao_reg[15]",
"type":"instance"},
{"sequential":"true",
"gint_phase_inversion":"false",
"latch":"false",
"object":"/designs/b15/instances_seq/Datao_reg[16]",
"type":"instance"},
{"sequential":"true",
"gint_phase_inversion":"false",
"latch":"false",
"object":"/designs/b15/instances_seq/Datao_reg[17]",
"type":"instance"},
{"sequential":"true",
"gint_phase_inversion":"false",
"latch":"false",
"object":"/designs/b15/instances_seq/Datao_reg[18]",
"type":"instance"},
{"sequential":"true",
"gint_phase_inversion":"false",
"latch":"false",
"object":"/designs/b15/instances_seq/Datao_reg[19]",
"type":"instance"},
{"sequential":"true",
"gint_phase_inversion":"false",
"latch":"false",
"object":"/designs/b15/instances_seq/Datao_reg[20]",
"type":"instance"},
{"sequential":"true",
"gint_phase_inversion":"false",
"latch":"false",
"object":"/designs/b15/instances_seq/Datao_reg[21]",
"type":"instance"},
{"sequential":"true",
"gint_phase_inversion":"false",
"latch":"false",
"object":"/designs/b15/instances_seq/Datao_reg[22]",
"type":"instance"},
{"sequential":"true",
"gint_phase_inversion":"false",
"latch":"false",
"object":"/designs/b15/instances_seq/Datao_reg[23]",
"type":"instance"},
{"sequential":"true",
"gint_phase_inversion":"false",
"latch":"false",
"object":"/designs/b15/instances_seq/Datao_reg[24]",
"type":"instance"},
{"sequential":"true",
"gint_phase_inversion":"false",
"latch":"false",
"object":"/designs/b15/instances_seq/Datao_reg[25]",
"type":"instance"},
{"sequential":"true",
"gint_phase_inversion":"false",
"latch":"false",
"object":"/designs/b15/instances_seq/Datao_reg[26]",
"type":"instance"},
{"sequential":"true",
"gint_phase_inversion":"false",
"latch":"false",
"object":"/designs/b15/instances_seq/Datao_reg[27]",
"type":"instance"},
{"sequential":"true",
"gint_phase_inversion":"false",
"latch":"false",
"object":"/designs/b15/instances_seq/Datao_reg[28]",
"type":"instance"},
{"sequential":"true",
"gint_phase_inversion":"false",
"latch":"false",
"object":"/designs/b15/instances_seq/Datao_reg[29]",
"type":"instance"},
{"sequential":"true",
"gint_phase_inversion":"false",
"latch":"false",
"object":"/designs/b15/instances_seq/Datao_reg[30]",
"type":"instance"},
{"sequential":"true",
"gint_phase_inversion":"false",
"latch":"false",
"object":"/designs/b15/instances_seq/EAX_reg[0]",
"type":"instance"},
{"sequential":"true",
"gint_phase_inversion":"false",
"latch":"false",
"object":"/designs/b15/instances_seq/EAX_reg[1]",
"type":"instance"},
{"sequential":"true",
"gint_phase_inversion":"false",
"latch":"false",
"object":"/designs/b15/instances_seq/EAX_reg[2]",
"type":"instance"},
{"sequential":"true",
"gint_phase_inversion":"false",
"latch":"false",
"object":"/designs/b15/instances_seq/EAX_reg[4]",
"type":"instance"},
{"sequential":"true",
"gint_phase_inversion":"false",
"latch":"false",
"object":"/designs/b15/instances_seq/EAX_reg[5]",
"type":"instance"},
{"sequential":"true",
"gint_phase_inversion":"false",
"latch":"false",
"object":"/designs/b15/instances_seq/EAX_reg[6]",
"type":"instance"},
{"sequential":"true",
"gint_phase_inversion":"false",
"latch":"false",
"object":"/designs/b15/instances_seq/EAX_reg[8]",
"type":"instance"},
{"sequential":"true",
"gint_phase_inversion":"false",
"latch":"false",
"object":"/designs/b15/instances_seq/EAX_reg[9]",
"type":"instance"},
{"sequential":"true",
"gint_phase_inversion":"false",
"latch":"false",
"object":"/designs/b15/instances_seq/EAX_reg[10]",
"type":"instance"},
{"sequential":"true",
"gint_phase_inversion":"false",
"latch":"false",
"object":"/designs/b15/instances_seq/EAX_reg[12]",
"type":"instance"},
{"sequential":"true",
"gint_phase_inversion":"false",
"latch":"false",
"object":"/designs/b15/instances_seq/EAX_reg[13]",
"type":"instance"},
{"sequential":"true",
"gint_phase_inversion":"false",
"latch":"false",
"object":"/designs/b15/instances_seq/EAX_reg[14]",
"type":"instance"},
{"sequential":"true",
"gint_phase_inversion":"false",
"latch":"false",
"object":"/designs/b15/instances_seq/EAX_reg[19]",
"type":"instance"},
{"sequential":"true",
"gint_phase_inversion":"false",
"latch":"false",
"object":"/designs/b15/instances_seq/EAX_reg[21]",
"type":"instance"},
{"sequential":"true",
"gint_phase_inversion":"false",
"latch":"false",
"object":"/designs/b15/instances_seq/EAX_reg[24]",
"type":"instance"},
{"sequential":"true",
"gint_phase_inversion":"false",
"latch":"false",
"object":"/designs/b15/instances_seq/EAX_reg[25]",
"type":"instance"},
{"sequential":"true",
"gint_phase_inversion":"false",
"latch":"false",
"object":"/designs/b15/instances_seq/EAX_reg[26]",
"type":"instance"},
{"sequential":"true",
"gint_phase_inversion":"false",
"latch":"false",
"object":"/designs/b15/instances_seq/EAX_reg[29]",
"type":"instance"},
{"sequential":"true",
"gint_phase_inversion":"false",
"latch":"false",
"object":"/designs/b15/instances_seq/EAX_reg[30]",
"type":"instance"},
{"sequential":"true",
"gint_phase_inversion":"false",
"latch":"false",
"object":"/designs/b15/instances_seq/EAX_reg[31]",
"type":"instance"},
{"sequential":"true",
"gint_phase_inversion":"false",
"latch":"false",
"object":"/designs/b15/instances_seq/Flush_reg",
"type":"instance"},
{"sequential":"true",
"gint_phase_inversion":"false",
"latch":"false",
"object":"/designs/b15/instances_seq/InstAddrPointer_reg[0]",
"type":"instance"},
{"sequential":"true",
"gint_phase_inversion":"false",
"latch":"false",
"object":"/designs/b15/instances_seq/InstAddrPointer_reg[1]",
"type":"instance"},
{"sequential":"true",
"gint_phase_inversion":"false",
"latch":"false",
"object":"/designs/b15/instances_seq/InstQueueRd_Addr_reg[1]",
"type":"instance"},
{"sequential":"true",
"gint_phase_inversion":"false",
"latch":"false",
"object":"/designs/b15/instances_seq/InstQueueRd_Addr_reg[2]",
"type":"instance"},
{"sequential":"true",
"gint_phase_inversion":"false",
"latch":"false",
"object":"/designs/b15/instances_seq/InstQueueRd_Addr_reg[3]",
"type":"instance"},
{"sequential":"true",
"gint_phase_inversion":"false",
"latch":"false",
"object":"/designs/b15/instances_seq/InstQueueWr_Addr_reg[0]",
"type":"instance"},
{"sequential":"true",
"gint_phase_inversion":"false",
"latch":"false",
"object":"/designs/b15/instances_seq/InstQueueWr_Addr_reg[1]",
"type":"instance"},
{"sequential":"true",
"gint_phase_inversion":"false",
"latch":"false",
"object":"/designs/b15/instances_seq/InstQueueWr_Addr_reg[2]",
"type":"instance"},
{"sequential":"true",
"gint_phase_inversion":"false",
"latch":"false",
"object":"/designs/b15/instances_seq/InstQueue_reg[0][0]",
"type":"instance"},
{"sequential":"true",
"gint_phase_inversion":"false",
"latch":"false",
"object":"/designs/b15/instances_seq/InstQueue_reg[0][1]",
"type":"instance"},
{"sequential":"true",
"gint_phase_inversion":"false",
"latch":"false",
"object":"/designs/b15/instances_seq/InstQueue_reg[0][2]",
"type":"instance"},
{"sequential":"true",
"gint_phase_inversion":"false",
"latch":"false",
"object":"/designs/b15/instances_seq/InstQueue_reg[0][3]",
"type":"instance"},
{"sequential":"true",
"gint_phase_inversion":"false",
"latch":"false",
"object":"/designs/b15/instances_seq/InstQueue_reg[0][4]",
"type":"instance"},
{"sequential":"true",
"gint_phase_inversion":"false",
"latch":"false",
"object":"/designs/b15/instances_seq/InstQueue_reg[0][5]",
"type":"instance"},
{"sequential":"true",
"gint_phase_inversion":"false",
"latch":"false",
"object":"/designs/b15/instances_seq/InstQueue_reg[0][6]",
"type":"instance"},
{"sequential":"true",
"gint_phase_inversion":"false",
"latch":"false",
"object":"/designs/b15/instances_seq/InstQueue_reg[0][7]",
"type":"instance"},
{"sequential":"true",
"gint_phase_inversion":"false",
"latch":"false",
"object":"/designs/b15/instances_seq/InstQueue_reg[1][0]",
"type":"instance"},
{"sequential":"true",
"gint_phase_inversion":"false",
"latch":"false",
"object":"/designs/b15/instances_seq/InstQueue_reg[1][1]",
"type":"instance"},
{"sequential":"true",
"gint_phase_inversion":"false",
"latch":"false",
"object":"/designs/b15/instances_seq/InstQueue_reg[1][2]",
"type":"instance"},
{"sequential":"true",
"gint_phase_inversion":"false",
"latch":"false",
"object":"/designs/b15/instances_seq/InstQueue_reg[1][3]",
"type":"instance"},
{"sequential":"true",
"gint_phase_inversion":"false",
"latch":"false",
"object":"/designs/b15/instances_seq/InstQueue_reg[1][4]",
"type":"instance"},
{"sequential":"true",
"gint_phase_inversion":"false",
"latch":"false",
"object":"/designs/b15/instances_seq/InstQueue_reg[1][5]",
"type":"instance"},
{"sequential":"true",
"gint_phase_inversion":"false",
"latch":"false",
"object":"/designs/b15/instances_seq/InstQueue_reg[1][6]",
"type":"instance"},
{"sequential":"true",
"gint_phase_inversion":"false",
"latch":"false",
"object":"/designs/b15/instances_seq/InstQueue_reg[1][7]",
"type":"instance"},
{"sequential":"true",
"gint_phase_inversion":"false",
"latch":"false",
"object":"/designs/b15/instances_seq/InstQueue_reg[2][0]",
"type":"instance"},
{"sequential":"true",
"gint_phase_inversion":"false",
"latch":"false",
"object":"/designs/b15/instances_seq/InstQueue_reg[2][1]",
"type":"instance"},
{"sequential":"true",
"gint_phase_inversion":"false",
"latch":"false",
"object":"/designs/b15/instances_seq/InstQueue_reg[2][2]",
"type":"instance"},
{"sequential":"true",
"gint_phase_inversion":"false",
"latch":"false",
"object":"/designs/b15/instances_seq/InstQueue_reg[2][3]",
"type":"instance"},
{"sequential":"true",
"gint_phase_inversion":"false",
"latch":"false",
"object":"/designs/b15/instances_seq/InstQueue_reg[2][4]",
"type":"instance"},
{"sequential":"true",
"gint_phase_inversion":"false",
"latch":"false",
"object":"/designs/b15/instances_seq/InstQueue_reg[2][5]",
"type":"instance"},
{"sequential":"true",
"gint_phase_inversion":"false",
"latch":"false",
"object":"/designs/b15/instances_seq/InstQueue_reg[2][6]",
"type":"instance"},
{"sequential":"true",
"gint_phase_inversion":"false",
"latch":"false",
"object":"/designs/b15/instances_seq/InstQueue_reg[2][7]",
"type":"instance"},
{"sequential":"true",
"gint_phase_inversion":"false",
"latch":"false",
"object":"/designs/b15/instances_seq/InstQueue_reg[3][0]",
"type":"instance"},
{"sequential":"true",
"gint_phase_inversion":"false",
"latch":"false",
"object":"/designs/b15/instances_seq/InstQueue_reg[3][1]",
"type":"instance"},
{"sequential":"true",
"gint_phase_inversion":"false",
"latch":"false",
"object":"/designs/b15/instances_seq/InstQueue_reg[3][2]",
"type":"instance"},
{"sequential":"true",
"gint_phase_inversion":"false",
"latch":"false",
"object":"/designs/b15/instances_seq/InstQueue_reg[3][3]",
"type":"instance"},
{"sequential":"true",
"gint_phase_inversion":"false",
"latch":"false",
"object":"/designs/b15/instances_seq/InstQueue_reg[3][4]",
"type":"instance"},
{"sequential":"true",
"gint_phase_inversion":"false",
"latch":"false",
"object":"/designs/b15/instances_seq/InstQueue_reg[3][5]",
"type":"instance"},
{"sequential":"true",
"gint_phase_inversion":"false",
"latch":"false",
"object":"/designs/b15/instances_seq/InstQueue_reg[3][6]",
"type":"instance"},
{"sequential":"true",
"gint_phase_inversion":"false",
"latch":"false",
"object":"/designs/b15/instances_seq/InstQueue_reg[3][7]",
"type":"instance"},
{"sequential":"true",
"gint_phase_inversion":"false",
"latch":"false",
"object":"/designs/b15/instances_seq/InstQueue_reg[4][0]",
"type":"instance"},
{"sequential":"true",
"gint_phase_inversion":"false",
"latch":"false",
"object":"/designs/b15/instances_seq/InstQueue_reg[4][1]",
"type":"instance"},
{"sequential":"true",
"gint_phase_inversion":"false",
"latch":"false",
"object":"/designs/b15/instances_seq/InstQueue_reg[4][2]",
"type":"instance"},
{"sequential":"true",
"gint_phase_inversion":"false",
"latch":"false",
"object":"/designs/b15/instances_seq/InstQueue_reg[4][3]",
"type":"instance"},
{"sequential":"true",
"gint_phase_inversion":"false",
"latch":"false",
"object":"/designs/b15/instances_seq/InstQueue_reg[4][4]",
"type":"instance"},
{"sequential":"true",
"gint_phase_inversion":"false",
"latch":"false",
"object":"/designs/b15/instances_seq/InstQueue_reg[4][5]",
"type":"instance"},
{"sequential":"true",
"gint_phase_inversion":"false",
"latch":"false",
"object":"/designs/b15/instances_seq/InstQueue_reg[4][6]",
"type":"instance"},
{"sequential":"true",
"gint_phase_inversion":"false",
"latch":"false",
"object":"/designs/b15/instances_seq/InstQueue_reg[4][7]",
"type":"instance"},
{"sequential":"true",
"gint_phase_inversion":"false",
"latch":"false",
"object":"/designs/b15/instances_seq/InstQueue_reg[5][0]",
"type":"instance"},
{"sequential":"true",
"gint_phase_inversion":"false",
"latch":"false",
"object":"/designs/b15/instances_seq/InstQueue_reg[5][1]",
"type":"instance"},
{"sequential":"true",
"gint_phase_inversion":"false",
"latch":"false",
"object":"/designs/b15/instances_seq/InstQueue_reg[5][2]",
"type":"instance"},
{"sequential":"true",
"gint_phase_inversion":"false",
"latch":"false",
"object":"/designs/b15/instances_seq/InstQueue_reg[5][3]",
"type":"instance"},
{"sequential":"true",
"gint_phase_inversion":"false",
"latch":"false",
"object":"/designs/b15/instances_seq/InstQueue_reg[5][4]",
"type":"instance"},
{"sequential":"true",
"gint_phase_inversion":"false",
"latch":"false",
"object":"/designs/b15/instances_seq/InstQueue_reg[5][5]",
"type":"instance"},
{"sequential":"true",
"gint_phase_inversion":"false",
"latch":"false",
"object":"/designs/b15/instances_seq/InstQueue_reg[5][6]",
"type":"instance"},
{"sequential":"true",
"gint_phase_inversion":"false",
"latch":"false",
"object":"/designs/b15/instances_seq/InstQueue_reg[5][7]",
"type":"instance"},
{"sequential":"true",
"gint_phase_inversion":"false",
"latch":"false",
"object":"/designs/b15/instances_seq/InstQueue_reg[6][0]",
"type":"instance"},
{"sequential":"true",
"gint_phase_inversion":"false",
"latch":"false",
"object":"/designs/b15/instances_seq/InstQueue_reg[6][1]",
"type":"instance"},
{"sequential":"true",
"gint_phase_inversion":"false",
"latch":"false",
"object":"/designs/b15/instances_seq/InstQueue_reg[6][2]",
"type":"instance"},
{"sequential":"true",
"gint_phase_inversion":"false",
"latch":"false",
"object":"/designs/b15/instances_seq/InstQueue_reg[6][3]",
"type":"instance"},
{"sequential":"true",
"gint_phase_inversion":"false",
"latch":"false",
"object":"/designs/b15/instances_seq/InstQueue_reg[6][4]",
"type":"instance"},
{"sequential":"true",
"gint_phase_inversion":"false",
"latch":"false",
"object":"/designs/b15/instances_seq/InstQueue_reg[6][5]",
"type":"instance"},
{"sequential":"true",
"gint_phase_inversion":"false",
"latch":"false",
"object":"/designs/b15/instances_seq/InstQueue_reg[6][6]",
"type":"instance"},
{"sequential":"true",
"gint_phase_inversion":"false",
"latch":"false",
"object":"/designs/b15/instances_seq/InstQueue_reg[6][7]",
"type":"instance"},
{"sequential":"true",
"gint_phase_inversion":"false",
"latch":"false",
"object":"/designs/b15/instances_seq/InstQueue_reg[7][0]",
"type":"instance"},
{"sequential":"true",
"gint_phase_inversion":"false",
"latch":"false",
"object":"/designs/b15/instances_seq/InstQueue_reg[7][1]",
"type":"instance"},
{"sequential":"true",
"gint_phase_inversion":"false",
"latch":"false",
"object":"/designs/b15/instances_seq/InstQueue_reg[7][2]",
"type":"instance"},
{"sequential":"true",
"gint_phase_inversion":"false",
"latch":"false",
"object":"/designs/b15/instances_seq/InstQueue_reg[7][3]",
"type":"instance"},
{"sequential":"true",
"gint_phase_inversion":"false",
"latch":"false",
"object":"/designs/b15/instances_seq/InstQueue_reg[7][4]",
"type":"instance"},
{"sequential":"true",
"gint_phase_inversion":"false",
"latch":"false",
"object":"/designs/b15/instances_seq/InstQueue_reg[7][5]",
"type":"instance"},
{"sequential":"true",
"gint_phase_inversion":"false",
"latch":"false",
"object":"/designs/b15/instances_seq/InstQueue_reg[7][6]",
"type":"instance"},
{"sequential":"true",
"gint_phase_inversion":"false",
"latch":"false",
"object":"/designs/b15/instances_seq/InstQueue_reg[7][7]",
"type":"instance"},
{"sequential":"true",
"gint_phase_inversion":"false",
"latch":"false",
"object":"/designs/b15/instances_seq/InstQueue_reg[8][0]",
"type":"instance"},
{"sequential":"true",
"gint_phase_inversion":"false",
"latch":"false",
"object":"/designs/b15/instances_seq/InstQueue_reg[8][1]",
"type":"instance"},
{"sequential":"true",
"gint_phase_inversion":"false",
"latch":"false",
"object":"/designs/b15/instances_seq/InstQueue_reg[8][2]",
"type":"instance"},
{"sequential":"true",
"gint_phase_inversion":"false",
"latch":"false",
"object":"/designs/b15/instances_seq/InstQueue_reg[8][3]",
"type":"instance"},
{"sequential":"true",
"gint_phase_inversion":"false",
"latch":"false",
"object":"/designs/b15/instances_seq/InstQueue_reg[8][4]",
"type":"instance"},
{"sequential":"true",
"gint_phase_inversion":"false",
"latch":"false",
"object":"/designs/b15/instances_seq/InstQueue_reg[8][5]",
"type":"instance"},
{"sequential":"true",
"gint_phase_inversion":"false",
"latch":"false",
"object":"/designs/b15/instances_seq/InstQueue_reg[8][6]",
"type":"instance"},
{"sequential":"true",
"gint_phase_inversion":"false",
"latch":"false",
"object":"/designs/b15/instances_seq/InstQueue_reg[8][7]",
"type":"instance"},
{"sequential":"true",
"gint_phase_inversion":"false",
"latch":"false",
"object":"/designs/b15/instances_seq/InstQueue_reg[9][0]",
"type":"instance"},
{"sequential":"true",
"gint_phase_inversion":"false",
"latch":"false",
"object":"/designs/b15/instances_seq/InstQueue_reg[9][1]",
"type":"instance"},
{"sequential":"true",
"gint_phase_inversion":"false",
"latch":"false",
"object":"/designs/b15/instances_seq/InstQueue_reg[9][2]",
"type":"instance"},
{"sequential":"true",
"gint_phase_inversion":"false",
"latch":"false",
"object":"/designs/b15/instances_seq/InstQueue_reg[9][3]",
"type":"instance"},
{"sequential":"true",
"gint_phase_inversion":"false",
"latch":"false",
"object":"/designs/b15/instances_seq/InstQueue_reg[9][4]",
"type":"instance"},
{"sequential":"true",
"gint_phase_inversion":"false",
"latch":"false",
"object":"/designs/b15/instances_seq/InstQueue_reg[9][5]",
"type":"instance"},
{"sequential":"true",
"gint_phase_inversion":"false",
"latch":"false",
"object":"/designs/b15/instances_seq/InstQueue_reg[9][6]",
"type":"instance"},
{"sequential":"true",
"gint_phase_inversion":"false",
"latch":"false",
"object":"/designs/b15/instances_seq/InstQueue_reg[9][7]",
"type":"instance"},
{"sequential":"true",
"gint_phase_inversion":"false",
"latch":"false",
"object":"/designs/b15/instances_seq/InstQueue_reg[10][0]",
"type":"instance"},
{"sequential":"true",
"gint_phase_inversion":"false",
"latch":"false",
"object":"/designs/b15/instances_seq/InstQueue_reg[10][1]",
"type":"instance"},
{"sequential":"true",
"gint_phase_inversion":"false",
"latch":"false",
"object":"/designs/b15/instances_seq/InstQueue_reg[10][2]",
"type":"instance"},
{"sequential":"true",
"gint_phase_inversion":"false",
"latch":"false",
"object":"/designs/b15/instances_seq/InstQueue_reg[10][3]",
"type":"instance"},
{"sequential":"true",
"gint_phase_inversion":"false",
"latch":"false",
"object":"/designs/b15/instances_seq/InstQueue_reg[10][4]",
"type":"instance"},
{"sequential":"true",
"gint_phase_inversion":"false",
"latch":"false",
"object":"/designs/b15/instances_seq/InstQueue_reg[10][5]",
"type":"instance"},
{"sequential":"true",
"gint_phase_inversion":"false",
"latch":"false",
"object":"/designs/b15/instances_seq/InstQueue_reg[10][6]",
"type":"instance"},
{"sequential":"true",
"gint_phase_inversion":"false",
"latch":"false",
"object":"/designs/b15/instances_seq/InstQueue_reg[10][7]",
"type":"instance"},
{"sequential":"true",
"gint_phase_inversion":"false",
"latch":"false",
"object":"/designs/b15/instances_seq/InstQueue_reg[11][0]",
"type":"instance"},
{"sequential":"true",
"gint_phase_inversion":"false",
"latch":"false",
"object":"/designs/b15/instances_seq/InstQueue_reg[11][1]",
"type":"instance"},
{"sequential":"true",
"gint_phase_inversion":"false",
"latch":"false",
"object":"/designs/b15/instances_seq/InstQueue_reg[11][2]",
"type":"instance"},
{"sequential":"true",
"gint_phase_inversion":"false",
"latch":"false",
"object":"/designs/b15/instances_seq/InstQueue_reg[11][3]",
"type":"instance"},
{"sequential":"true",
"gint_phase_inversion":"false",
"latch":"false",
"object":"/designs/b15/instances_seq/InstQueue_reg[11][4]",
"type":"instance"},
{"sequential":"true",
"gint_phase_inversion":"false",
"latch":"false",
"object":"/designs/b15/instances_seq/InstQueue_reg[11][5]",
"type":"instance"},
{"sequential":"true",
"gint_phase_inversion":"false",
"latch":"false",
"object":"/designs/b15/instances_seq/InstQueue_reg[11][6]",
"type":"instance"},
{"sequential":"true",
"gint_phase_inversion":"false",
"latch":"false",
"object":"/designs/b15/instances_seq/InstQueue_reg[11][7]",
"type":"instance"},
{"sequential":"true",
"gint_phase_inversion":"false",
"latch":"false",
"object":"/designs/b15/instances_seq/InstQueue_reg[12][0]",
"type":"instance"},
{"sequential":"true",
"gint_phase_inversion":"false",
"latch":"false",
"object":"/designs/b15/instances_seq/InstQueue_reg[12][1]",
"type":"instance"},
{"sequential":"true",
"gint_phase_inversion":"false",
"latch":"false",
"object":"/designs/b15/instances_seq/InstQueue_reg[12][2]",
"type":"instance"},
{"sequential":"true",
"gint_phase_inversion":"false",
"latch":"false",
"object":"/designs/b15/instances_seq/InstQueue_reg[12][3]",
"type":"instance"},
{"sequential":"true",
"gint_phase_inversion":"false",
"latch":"false",
"object":"/designs/b15/instances_seq/InstQueue_reg[12][4]",
"type":"instance"},
{"sequential":"true",
"gint_phase_inversion":"false",
"latch":"false",
"object":"/designs/b15/instances_seq/InstQueue_reg[12][5]",
"type":"instance"},
{"sequential":"true",
"gint_phase_inversion":"false",
"latch":"false",
"object":"/designs/b15/instances_seq/InstQueue_reg[12][6]",
"type":"instance"},
{"sequential":"true",
"gint_phase_inversion":"false",
"latch":"false",
"object":"/designs/b15/instances_seq/InstQueue_reg[12][7]",
"type":"instance"},
{"sequential":"true",
"gint_phase_inversion":"false",
"latch":"false",
"object":"/designs/b15/instances_seq/InstQueue_reg[13][0]",
"type":"instance"},
{"sequential":"true",
"gint_phase_inversion":"false",
"latch":"false",
"object":"/designs/b15/instances_seq/InstQueue_reg[13][1]",
"type":"instance"},
{"sequential":"true",
"gint_phase_inversion":"false",
"latch":"false",
"object":"/designs/b15/instances_seq/InstQueue_reg[13][2]",
"type":"instance"},
{"sequential":"true",
"gint_phase_inversion":"false",
"latch":"false",
"object":"/designs/b15/instances_seq/InstQueue_reg[13][3]",
"type":"instance"},
{"sequential":"true",
"gint_phase_inversion":"false",
"latch":"false",
"object":"/designs/b15/instances_seq/InstQueue_reg[13][4]",
"type":"instance"},
{"sequential":"true",
"gint_phase_inversion":"false",
"latch":"false",
"object":"/designs/b15/instances_seq/InstQueue_reg[13][5]",
"type":"instance"},
{"sequential":"true",
"gint_phase_inversion":"false",
"latch":"false",
"object":"/designs/b15/instances_seq/InstQueue_reg[13][6]",
"type":"instance"},
{"sequential":"true",
"gint_phase_inversion":"false",
"latch":"false",
"object":"/designs/b15/instances_seq/InstQueue_reg[13][7]",
"type":"instance"},
{"sequential":"true",
"gint_phase_inversion":"false",
"latch":"false",
"object":"/designs/b15/instances_seq/InstQueue_reg[14][0]",
"type":"instance"},
{"sequential":"true",
"gint_phase_inversion":"false",
"latch":"false",
"object":"/designs/b15/instances_seq/InstQueue_reg[14][1]",
"type":"instance"},
{"sequential":"true",
"gint_phase_inversion":"false",
"latch":"false",
"object":"/designs/b15/instances_seq/InstQueue_reg[14][2]",
"type":"instance"},
{"sequential":"true",
"gint_phase_inversion":"false",
"latch":"false",
"object":"/designs/b15/instances_seq/InstQueue_reg[14][3]",
"type":"instance"},
{"sequential":"true",
"gint_phase_inversion":"false",
"latch":"false",
"object":"/designs/b15/instances_seq/InstQueue_reg[14][4]",
"type":"instance"},
{"sequential":"true",
"gint_phase_inversion":"false",
"latch":"false",
"object":"/designs/b15/instances_seq/InstQueue_reg[14][5]",
"type":"instance"},
{"sequential":"true",
"gint_phase_inversion":"false",
"latch":"false",
"object":"/designs/b15/instances_seq/InstQueue_reg[14][6]",
"type":"instance"},
{"sequential":"true",
"gint_phase_inversion":"false",
"latch":"false",
"object":"/designs/b15/instances_seq/InstQueue_reg[14][7]",
"type":"instance"},
{"sequential":"true",
"gint_phase_inversion":"false",
"latch":"false",
"object":"/designs/b15/instances_seq/InstQueue_reg[15][0]",
"type":"instance"},
{"sequential":"true",
"gint_phase_inversion":"false",
"latch":"false",
"object":"/designs/b15/instances_seq/InstQueue_reg[15][1]",
"type":"instance"},
{"sequential":"true",
"gint_phase_inversion":"false",
"latch":"false",
"object":"/designs/b15/instances_seq/InstQueue_reg[15][2]",
"type":"instance"},
{"sequential":"true",
"gint_phase_inversion":"false",
"latch":"false",
"object":"/designs/b15/instances_seq/InstQueue_reg[15][3]",
"type":"instance"},
{"sequential":"true",
"gint_phase_inversion":"false",
"latch":"false",
"object":"/designs/b15/instances_seq/InstQueue_reg[15][4]",
"type":"instance"},
{"sequential":"true",
"gint_phase_inversion":"false",
"latch":"false",
"object":"/designs/b15/instances_seq/InstQueue_reg[15][5]",
"type":"instance"},
{"sequential":"true",
"gint_phase_inversion":"false",
"latch":"false",
"object":"/designs/b15/instances_seq/InstQueue_reg[15][6]",
"type":"instance"},
{"sequential":"true",
"gint_phase_inversion":"false",
"latch":"false",
"object":"/designs/b15/instances_seq/InstQueue_reg[15][7]",
"type":"instance"},
{"sequential":"true",
"gint_phase_inversion":"false",
"latch":"false",
"object":"/designs/b15/instances_seq/M_IO_n_reg",
"type":"instance"},
{"sequential":"true",
"gint_phase_inversion":"false",
"latch":"false",
"object":"/designs/b15/instances_seq/MemoryFetch_reg",
"type":"instance"},
{"sequential":"true",
"gint_phase_inversion":"false",
"latch":"false",
"object":"/designs/b15/instances_seq/More_reg",
"type":"instance"},
{"sequential":"true",
"gint_phase_inversion":"false",
"latch":"false",
"object":"/designs/b15/instances_seq/PhyAddrPointer_reg[0]",
"type":"instance"},
{"sequential":"true",
"gint_phase_inversion":"false",
"latch":"false",
"object":"/designs/b15/instances_seq/PhyAddrPointer_reg[1]",
"type":"instance"},
{"sequential":"true",
"gint_phase_inversion":"false",
"latch":"false",
"object":"/designs/b15/instances_seq/PhyAddrPointer_reg[3]",
"type":"instance"},
{"sequential":"true",
"gint_phase_inversion":"false",
"latch":"false",
"object":"/designs/b15/instances_seq/PhyAddrPointer_reg[31]",
"type":"instance"},
{"sequential":"true",
"gint_phase_inversion":"false",
"latch":"false",
"object":"/designs/b15/instances_seq/ReadRequest_reg",
"type":"instance"},
{"sequential":"true",
"gint_phase_inversion":"false",
"latch":"false",
"object":"/designs/b15/instances_seq/RequestPending_reg",
"type":"instance"},
{"sequential":"true",
"gint_phase_inversion":"false",
"latch":"false",
"object":"/designs/b15/instances_seq/State2_reg[1]",
"type":"instance"},
{"sequential":"true",
"gint_phase_inversion":"false",
"latch":"false",
"object":"/designs/b15/instances_seq/State2_reg[2]",
"type":"instance"},
{"sequential":"true",
"gint_phase_inversion":"false",
"latch":"false",
"object":"/designs/b15/instances_seq/State2_reg[3]",
"type":"instance"},
{"sequential":"true",
"gint_phase_inversion":"false",
"latch":"false",
"object":"/designs/b15/instances_seq/State_reg[0]",
"type":"instance"},
{"sequential":"true",
"gint_phase_inversion":"false",
"latch":"false",
"object":"/designs/b15/instances_seq/State_reg[1]",
"type":"instance"},
{"sequential":"true",
"gint_phase_inversion":"false",
"latch":"false",
"object":"/designs/b15/instances_seq/W_R_n_reg",
"type":"instance"},
{"sequential":"true",
"gint_phase_inversion":"false",
"latch":"false",
"object":"/designs/b15/instances_seq/lWord_reg[0]",
"type":"instance"},
{"sequential":"true",
"gint_phase_inversion":"false",
"latch":"false",
"object":"/designs/b15/instances_seq/lWord_reg[1]",
"type":"instance"},
{"sequential":"true",
"gint_phase_inversion":"false",
"latch":"false",
"object":"/designs/b15/instances_seq/lWord_reg[2]",
"type":"instance"},
{"sequential":"true",
"gint_phase_inversion":"false",
"latch":"false",
"object":"/designs/b15/instances_seq/lWord_reg[3]",
"type":"instance"},
{"sequential":"true",
"gint_phase_inversion":"false",
"latch":"false",
"object":"/designs/b15/instances_seq/lWord_reg[4]",
"type":"instance"},
{"sequential":"true",
"gint_phase_inversion":"false",
"latch":"false",
"object":"/designs/b15/instances_seq/lWord_reg[5]",
"type":"instance"},
{"sequential":"true",
"gint_phase_inversion":"false",
"latch":"false",
"object":"/designs/b15/instances_seq/lWord_reg[6]",
"type":"instance"},
{"sequential":"true",
"gint_phase_inversion":"false",
"latch":"false",
"object":"/designs/b15/instances_seq/lWord_reg[7]",
"type":"instance"},
{"sequential":"true",
"gint_phase_inversion":"false",
"latch":"false",
"object":"/designs/b15/instances_seq/lWord_reg[8]",
"type":"instance"},
{"sequential":"true",
"gint_phase_inversion":"false",
"latch":"false",
"object":"/designs/b15/instances_seq/lWord_reg[9]",
"type":"instance"},
{"sequential":"true",
"gint_phase_inversion":"false",
"latch":"false",
"object":"/designs/b15/instances_seq/lWord_reg[10]",
"type":"instance"},
{"sequential":"true",
"gint_phase_inversion":"false",
"latch":"false",
"object":"/designs/b15/instances_seq/lWord_reg[11]",
"type":"instance"},
{"sequential":"true",
"gint_phase_inversion":"false",
"latch":"false",
"object":"/designs/b15/instances_seq/lWord_reg[12]",
"type":"instance"},
{"sequential":"true",
"gint_phase_inversion":"false",
"latch":"false",
"object":"/designs/b15/instances_seq/lWord_reg[13]",
"type":"instance"},
{"sequential":"true",
"gint_phase_inversion":"false",
"latch":"false",
"object":"/designs/b15/instances_seq/lWord_reg[14]",
"type":"instance"},
{"sequential":"true",
"gint_phase_inversion":"false",
"latch":"false",
"object":"/designs/b15/instances_seq/lWord_reg[15]",
"type":"instance"},
{"sequential":"true",
"gint_phase_inversion":"false",
"latch":"false",
"object":"/designs/b15/instances_seq/rEIP_reg[0]",
"type":"instance"},
{"sequential":"true",
"gint_phase_inversion":"false",
"latch":"false",
"object":"/designs/b15/instances_seq/rEIP_reg[1]",
"type":"instance"},
{"sequential":"true",
"gint_phase_inversion":"false",
"latch":"false",
"object":"/designs/b15/instances_seq/rEIP_reg[2]",
"type":"instance"},
{"sequential":"true",
"gint_phase_inversion":"false",
"latch":"false",
"object":"/designs/b15/instances_seq/rEIP_reg[3]",
"type":"instance"},
{"sequential":"true",
"gint_phase_inversion":"false",
"latch":"false",
"object":"/designs/b15/instances_seq/rEIP_reg[4]",
"type":"instance"},
{"sequential":"true",
"gint_phase_inversion":"false",
"latch":"false",
"object":"/designs/b15/instances_seq/rEIP_reg[5]",
"type":"instance"},
{"sequential":"true",
"gint_phase_inversion":"false",
"latch":"false",
"object":"/designs/b15/instances_seq/rEIP_reg[6]",
"type":"instance"},
{"sequential":"true",
"gint_phase_inversion":"false",
"latch":"false",
"object":"/designs/b15/instances_seq/rEIP_reg[7]",
"type":"instance"},
{"sequential":"true",
"gint_phase_inversion":"false",
"latch":"false",
"object":"/designs/b15/instances_seq/rEIP_reg[8]",
"type":"instance"},
{"sequential":"true",
"gint_phase_inversion":"false",
"latch":"false",
"object":"/designs/b15/instances_seq/rEIP_reg[9]",
"type":"instance"},
{"sequential":"true",
"gint_phase_inversion":"false",
"latch":"false",
"object":"/designs/b15/instances_seq/rEIP_reg[10]",
"type":"instance"},
{"sequential":"true",
"gint_phase_inversion":"false",
"latch":"false",
"object":"/designs/b15/instances_seq/rEIP_reg[11]",
"type":"instance"},
{"sequential":"true",
"gint_phase_inversion":"false",
"latch":"false",
"object":"/designs/b15/instances_seq/rEIP_reg[12]",
"type":"instance"},
{"sequential":"true",
"gint_phase_inversion":"false",
"latch":"false",
"object":"/designs/b15/instances_seq/rEIP_reg[13]",
"type":"instance"},
{"sequential":"true",
"gint_phase_inversion":"false",
"latch":"false",
"object":"/designs/b15/instances_seq/rEIP_reg[14]",
"type":"instance"},
{"sequential":"true",
"gint_phase_inversion":"false",
"latch":"false",
"object":"/designs/b15/instances_seq/rEIP_reg[15]",
"type":"instance"},
{"sequential":"true",
"gint_phase_inversion":"false",
"latch":"false",
"object":"/designs/b15/instances_seq/rEIP_reg[16]",
"type":"instance"},
{"sequential":"true",
"gint_phase_inversion":"false",
"latch":"false",
"object":"/designs/b15/instances_seq/rEIP_reg[17]",
"type":"instance"},
{"sequential":"true",
"gint_phase_inversion":"false",
"latch":"false",
"object":"/designs/b15/instances_seq/rEIP_reg[18]",
"type":"instance"},
{"sequential":"true",
"gint_phase_inversion":"false",
"latch":"false",
"object":"/designs/b15/instances_seq/rEIP_reg[19]",
"type":"instance"},
{"sequential":"true",
"gint_phase_inversion":"false",
"latch":"false",
"object":"/designs/b15/instances_seq/rEIP_reg[20]",
"type":"instance"},
{"sequential":"true",
"gint_phase_inversion":"false",
"latch":"false",
"object":"/designs/b15/instances_seq/rEIP_reg[21]",
"type":"instance"},
{"sequential":"true",
"gint_phase_inversion":"false",
"latch":"false",
"object":"/designs/b15/instances_seq/rEIP_reg[22]",
"type":"instance"},
{"sequential":"true",
"gint_phase_inversion":"false",
"latch":"false",
"object":"/designs/b15/instances_seq/rEIP_reg[23]",
"type":"instance"},
{"sequential":"true",
"gint_phase_inversion":"false",
"latch":"false",
"object":"/designs/b15/instances_seq/rEIP_reg[24]",
"type":"instance"},
{"sequential":"true",
"gint_phase_inversion":"false",
"latch":"false",
"object":"/designs/b15/instances_seq/rEIP_reg[25]",
"type":"instance"},
{"sequential":"true",
"gint_phase_inversion":"false",
"latch":"false",
"object":"/designs/b15/instances_seq/rEIP_reg[26]",
"type":"instance"},
{"sequential":"true",
"gint_phase_inversion":"false",
"latch":"false",
"object":"/designs/b15/instances_seq/rEIP_reg[27]",
"type":"instance"},
{"sequential":"true",
"gint_phase_inversion":"false",
"latch":"false",
"object":"/designs/b15/instances_seq/rEIP_reg[28]",
"type":"instance"},
{"sequential":"true",
"gint_phase_inversion":"false",
"latch":"false",
"object":"/designs/b15/instances_seq/rEIP_reg[29]",
"type":"instance"},
{"sequential":"true",
"gint_phase_inversion":"false",
"latch":"false",
"object":"/designs/b15/instances_seq/rEIP_reg[30]",
"type":"instance"},
{"sequential":"true",
"gint_phase_inversion":"false",
"latch":"false",
"object":"/designs/b15/instances_seq/rEIP_reg[31]",
"type":"instance"},
{"sequential":"true",
"gint_phase_inversion":"false",
"latch":"false",
"object":"/designs/b15/instances_seq/uWord_reg[0]",
"type":"instance"},
{"sequential":"true",
"gint_phase_inversion":"false",
"latch":"false",
"object":"/designs/b15/instances_seq/uWord_reg[1]",
"type":"instance"},
{"sequential":"true",
"gint_phase_inversion":"false",
"latch":"false",
"object":"/designs/b15/instances_seq/uWord_reg[2]",
"type":"instance"},
{"sequential":"true",
"gint_phase_inversion":"false",
"latch":"false",
"object":"/designs/b15/instances_seq/uWord_reg[3]",
"type":"instance"},
{"sequential":"true",
"gint_phase_inversion":"false",
"latch":"false",
"object":"/designs/b15/instances_seq/uWord_reg[4]",
"type":"instance"},
{"sequential":"true",
"gint_phase_inversion":"false",
"latch":"false",
"object":"/designs/b15/instances_seq/uWord_reg[5]",
"type":"instance"},
{"sequential":"true",
"gint_phase_inversion":"false",
"latch":"false",
"object":"/designs/b15/instances_seq/uWord_reg[6]",
"type":"instance"},
{"sequential":"true",
"gint_phase_inversion":"false",
"latch":"false",
"object":"/designs/b15/instances_seq/uWord_reg[7]",
"type":"instance"},
{"sequential":"true",
"gint_phase_inversion":"false",
"latch":"false",
"object":"/designs/b15/instances_seq/uWord_reg[8]",
"type":"instance"},
{"sequential":"true",
"gint_phase_inversion":"false",
"latch":"false",
"object":"/designs/b15/instances_seq/uWord_reg[9]",
"type":"instance"},
{"sequential":"true",
"gint_phase_inversion":"false",
"latch":"false",
"object":"/designs/b15/instances_seq/uWord_reg[10]",
"type":"instance"},
{"sequential":"true",
"gint_phase_inversion":"false",
"latch":"false",
"object":"/designs/b15/instances_seq/uWord_reg[11]",
"type":"instance"},
{"sequential":"true",
"gint_phase_inversion":"false",
"latch":"false",
"object":"/designs/b15/instances_seq/uWord_reg[12]",
"type":"instance"},
{"sequential":"true",
"gint_phase_inversion":"false",
"latch":"false",
"object":"/designs/b15/instances_seq/uWord_reg[13]",
"type":"instance"},
{"sequential":"true",
"gint_phase_inversion":"false",
"latch":"false",
"object":"/designs/b15/instances_seq/uWord_reg[14]",
"type":"instance"},
{"sequential":"true",
"gint_phase_inversion":"false",
"latch":"false",
"object":"/designs/b15/instances_seq/ByteEnable_reg[1]",
"type":"instance"},
{"sequential":"true",
"gint_phase_inversion":"false",
"latch":"false",
"object":"/designs/b15/instances_seq/DataWidth_reg[1]",
"type":"instance"},
{"sequential":"true",
"gint_phase_inversion":"false",
"latch":"false",
"object":"/designs/b15/instances_seq/EAX_reg[3]",
"type":"instance"},
{"sequential":"true",
"gint_phase_inversion":"false",
"latch":"false",
"object":"/designs/b15/instances_seq/EAX_reg[7]",
"type":"instance"},
{"sequential":"true",
"gint_phase_inversion":"false",
"latch":"false",
"object":"/designs/b15/instances_seq/EAX_reg[11]",
"type":"instance"},
{"sequential":"true",
"gint_phase_inversion":"false",
"latch":"false",
"object":"/designs/b15/instances_seq/EAX_reg[15]",
"type":"instance"},
{"sequential":"true",
"gint_phase_inversion":"false",
"latch":"false",
"object":"/designs/b15/instances_seq/EAX_reg[16]",
"type":"instance"},
{"sequential":"true",
"gint_phase_inversion":"false",
"latch":"false",
"object":"/designs/b15/instances_seq/EAX_reg[17]",
"type":"instance"},
{"sequential":"true",
"gint_phase_inversion":"false",
"latch":"false",
"object":"/designs/b15/instances_seq/EAX_reg[18]",
"type":"instance"},
{"sequential":"true",
"gint_phase_inversion":"false",
"latch":"false",
"object":"/designs/b15/instances_seq/EAX_reg[20]",
"type":"instance"},
{"sequential":"true",
"gint_phase_inversion":"false",
"latch":"false",
"object":"/designs/b15/instances_seq/EAX_reg[22]",
"type":"instance"},
{"sequential":"true",
"gint_phase_inversion":"false",
"latch":"false",
"object":"/designs/b15/instances_seq/EAX_reg[23]",
"type":"instance"},
{"sequential":"true",
"gint_phase_inversion":"false",
"latch":"false",
"object":"/designs/b15/instances_seq/EAX_reg[27]",
"type":"instance"},
{"sequential":"true",
"gint_phase_inversion":"false",
"latch":"false",
"object":"/designs/b15/instances_seq/EAX_reg[28]",
"type":"instance"},
{"sequential":"true",
"gint_phase_inversion":"false",
"latch":"false",
"object":"/designs/b15/instances_seq/EBX_reg[0]",
"type":"instance"},
{"sequential":"true",
"gint_phase_inversion":"false",
"latch":"false",
"object":"/designs/b15/instances_seq/EBX_reg[1]",
"type":"instance"},
{"sequential":"true",
"gint_phase_inversion":"false",
"latch":"false",
"object":"/designs/b15/instances_seq/EBX_reg[2]",
"type":"instance"},
{"sequential":"true",
"gint_phase_inversion":"false",
"latch":"false",
"object":"/designs/b15/instances_seq/EBX_reg[3]",
"type":"instance"},
{"sequential":"true",
"gint_phase_inversion":"false",
"latch":"false",
"object":"/designs/b15/instances_seq/EBX_reg[4]",
"type":"instance"},
{"sequential":"true",
"gint_phase_inversion":"false",
"latch":"false",
"object":"/designs/b15/instances_seq/EBX_reg[5]",
"type":"instance"},
{"sequential":"true",
"gint_phase_inversion":"false",
"latch":"false",
"object":"/designs/b15/instances_seq/EBX_reg[6]",
"type":"instance"},
{"sequential":"true",
"gint_phase_inversion":"false",
"latch":"false",
"object":"/designs/b15/instances_seq/EBX_reg[7]",
"type":"instance"},
{"sequential":"true",
"gint_phase_inversion":"false",
"latch":"false",
"object":"/designs/b15/instances_seq/EBX_reg[8]",
"type":"instance"},
{"sequential":"true",
"gint_phase_inversion":"false",
"latch":"false",
"object":"/designs/b15/instances_seq/EBX_reg[9]",
"type":"instance"},
{"sequential":"true",
"gint_phase_inversion":"false",
"latch":"false",
"object":"/designs/b15/instances_seq/EBX_reg[10]",
"type":"instance"},
{"sequential":"true",
"gint_phase_inversion":"false",
"latch":"false",
"object":"/designs/b15/instances_seq/EBX_reg[11]",
"type":"instance"},
{"sequential":"true",
"gint_phase_inversion":"false",
"latch":"false",
"object":"/designs/b15/instances_seq/EBX_reg[12]",
"type":"instance"},
{"sequential":"true",
"gint_phase_inversion":"false",
"latch":"false",
"object":"/designs/b15/instances_seq/EBX_reg[13]",
"type":"instance"},
{"sequential":"true",
"gint_phase_inversion":"false",
"latch":"false",
"object":"/designs/b15/instances_seq/EBX_reg[14]",
"type":"instance"},
{"sequential":"true",
"gint_phase_inversion":"false",
"latch":"false",
"object":"/designs/b15/instances_seq/EBX_reg[15]",
"type":"instance"},
{"sequential":"true",
"gint_phase_inversion":"false",
"latch":"false",
"object":"/designs/b15/instances_seq/EBX_reg[16]",
"type":"instance"},
{"sequential":"true",
"gint_phase_inversion":"false",
"latch":"false",
"object":"/designs/b15/instances_seq/EBX_reg[17]",
"type":"instance"},
{"sequential":"true",
"gint_phase_inversion":"false",
"latch":"false",
"object":"/designs/b15/instances_seq/EBX_reg[18]",
"type":"instance"},
{"sequential":"true",
"gint_phase_inversion":"false",
"latch":"false",
"object":"/designs/b15/instances_seq/EBX_reg[19]",
"type":"instance"},
{"sequential":"true",
"gint_phase_inversion":"false",
"latch":"false",
"object":"/designs/b15/instances_seq/EBX_reg[20]",
"type":"instance"},
{"sequential":"true",
"gint_phase_inversion":"false",
"latch":"false",
"object":"/designs/b15/instances_seq/EBX_reg[21]",
"type":"instance"},
{"sequential":"true",
"gint_phase_inversion":"false",
"latch":"false",
"object":"/designs/b15/instances_seq/EBX_reg[22]",
"type":"instance"},
{"sequential":"true",
"gint_phase_inversion":"false",
"latch":"false",
"object":"/designs/b15/instances_seq/EBX_reg[23]",
"type":"instance"},
{"sequential":"true",
"gint_phase_inversion":"false",
"latch":"false",
"object":"/designs/b15/instances_seq/EBX_reg[24]",
"type":"instance"},
{"sequential":"true",
"gint_phase_inversion":"false",
"latch":"false",
"object":"/designs/b15/instances_seq/EBX_reg[25]",
"type":"instance"},
{"sequential":"true",
"gint_phase_inversion":"false",
"latch":"false",
"object":"/designs/b15/instances_seq/EBX_reg[26]",
"type":"instance"},
{"sequential":"true",
"gint_phase_inversion":"false",
"latch":"false",
"object":"/designs/b15/instances_seq/EBX_reg[27]",
"type":"instance"},
{"sequential":"true",
"gint_phase_inversion":"false",
"latch":"false",
"object":"/designs/b15/instances_seq/EBX_reg[28]",
"type":"instance"},
{"sequential":"true",
"gint_phase_inversion":"false",
"latch":"false",
"object":"/designs/b15/instances_seq/EBX_reg[29]",
"type":"instance"},
{"sequential":"true",
"gint_phase_inversion":"false",
"latch":"false",
"object":"/designs/b15/instances_seq/EBX_reg[30]",
"type":"instance"},
{"sequential":"true",
"gint_phase_inversion":"false",
"latch":"false",
"object":"/designs/b15/instances_seq/EBX_reg[31]",
"type":"instance"},
{"sequential":"true",
"gint_phase_inversion":"false",
"latch":"false",
"object":"/designs/b15/instances_seq/InstAddrPointer_reg[2]",
"type":"instance"},
{"sequential":"true",
"gint_phase_inversion":"false",
"latch":"false",
"object":"/designs/b15/instances_seq/InstAddrPointer_reg[3]",
"type":"instance"},
{"sequential":"true",
"gint_phase_inversion":"false",
"latch":"false",
"object":"/designs/b15/instances_seq/InstAddrPointer_reg[4]",
"type":"instance"},
{"sequential":"true",
"gint_phase_inversion":"false",
"latch":"false",
"object":"/designs/b15/instances_seq/InstAddrPointer_reg[5]",
"type":"instance"},
{"sequential":"true",
"gint_phase_inversion":"false",
"latch":"false",
"object":"/designs/b15/instances_seq/InstAddrPointer_reg[6]",
"type":"instance"},
{"sequential":"true",
"gint_phase_inversion":"false",
"latch":"false",
"object":"/designs/b15/instances_seq/InstAddrPointer_reg[7]",
"type":"instance"},
{"sequential":"true",
"gint_phase_inversion":"false",
"latch":"false",
"object":"/designs/b15/instances_seq/InstAddrPointer_reg[8]",
"type":"instance"},
{"sequential":"true",
"gint_phase_inversion":"false",
"latch":"false",
"object":"/designs/b15/instances_seq/InstAddrPointer_reg[9]",
"type":"instance"},
{"sequential":"true",
"gint_phase_inversion":"false",
"latch":"false",
"object":"/designs/b15/instances_seq/InstAddrPointer_reg[10]",
"type":"instance"},
{"sequential":"true",
"gint_phase_inversion":"false",
"latch":"false",
"object":"/designs/b15/instances_seq/InstAddrPointer_reg[11]",
"type":"instance"},
{"sequential":"true",
"gint_phase_inversion":"false",
"latch":"false",
"object":"/designs/b15/instances_seq/InstAddrPointer_reg[12]",
"type":"instance"},
{"sequential":"true",
"gint_phase_inversion":"false",
"latch":"false",
"object":"/designs/b15/instances_seq/InstAddrPointer_reg[13]",
"type":"instance"},
{"sequential":"true",
"gint_phase_inversion":"false",
"latch":"false",
"object":"/designs/b15/instances_seq/InstAddrPointer_reg[14]",
"type":"instance"},
{"sequential":"true",
"gint_phase_inversion":"false",
"latch":"false",
"object":"/designs/b15/instances_seq/InstAddrPointer_reg[15]",
"type":"instance"},
{"sequential":"true",
"gint_phase_inversion":"false",
"latch":"false",
"object":"/designs/b15/instances_seq/InstAddrPointer_reg[16]",
"type":"instance"},
{"sequential":"true",
"gint_phase_inversion":"false",
"latch":"false",
"object":"/designs/b15/instances_seq/InstAddrPointer_reg[17]",
"type":"instance"},
{"sequential":"true",
"gint_phase_inversion":"false",
"latch":"false",
"object":"/designs/b15/instances_seq/InstAddrPointer_reg[18]",
"type":"instance"},
{"sequential":"true",
"gint_phase_inversion":"false",
"latch":"false",
"object":"/designs/b15/instances_seq/InstAddrPointer_reg[19]",
"type":"instance"},
{"sequential":"true",
"gint_phase_inversion":"false",
"latch":"false",
"object":"/designs/b15/instances_seq/InstAddrPointer_reg[20]",
"type":"instance"},
{"sequential":"true",
"gint_phase_inversion":"false",
"latch":"false",
"object":"/designs/b15/instances_seq/InstAddrPointer_reg[21]",
"type":"instance"},
{"sequential":"true",
"gint_phase_inversion":"false",
"latch":"false",
"object":"/designs/b15/instances_seq/InstAddrPointer_reg[22]",
"type":"instance"},
{"sequential":"true",
"gint_phase_inversion":"false",
"latch":"false",
"object":"/designs/b15/instances_seq/InstAddrPointer_reg[23]",
"type":"instance"},
{"sequential":"true",
"gint_phase_inversion":"false",
"latch":"false",
"object":"/designs/b15/instances_seq/InstAddrPointer_reg[24]",
"type":"instance"},
{"sequential":"true",
"gint_phase_inversion":"false",
"latch":"false",
"object":"/designs/b15/instances_seq/InstAddrPointer_reg[25]",
"type":"instance"},
{"sequential":"true",
"gint_phase_inversion":"false",
"latch":"false",
"object":"/designs/b15/instances_seq/InstAddrPointer_reg[26]",
"type":"instance"},
{"sequential":"true",
"gint_phase_inversion":"false",
"latch":"false",
"object":"/designs/b15/instances_seq/InstAddrPointer_reg[27]",
"type":"instance"},
{"sequential":"true",
"gint_phase_inversion":"false",
"latch":"false",
"object":"/designs/b15/instances_seq/InstAddrPointer_reg[28]",
"type":"instance"},
{"sequential":"true",
"gint_phase_inversion":"false",
"latch":"false",
"object":"/designs/b15/instances_seq/InstAddrPointer_reg[29]",
"type":"instance"},
{"sequential":"true",
"gint_phase_inversion":"false",
"latch":"false",
"object":"/designs/b15/instances_seq/InstAddrPointer_reg[30]",
"type":"instance"},
{"sequential":"true",
"gint_phase_inversion":"false",
"latch":"false",
"object":"/designs/b15/instances_seq/InstAddrPointer_reg[31]",
"type":"instance"},
{"sequential":"true",
"gint_phase_inversion":"false",
"latch":"false",
"object":"/designs/b15/instances_seq/InstQueueRd_Addr_reg[0]",
"type":"instance"},
{"sequential":"true",
"gint_phase_inversion":"false",
"latch":"false",
"object":"/designs/b15/instances_seq/InstQueueWr_Addr_reg[3]",
"type":"instance"},
{"sequential":"true",
"gint_phase_inversion":"false",
"latch":"false",
"object":"/designs/b15/instances_seq/PhyAddrPointer_reg[2]",
"type":"instance"},
{"sequential":"true",
"gint_phase_inversion":"false",
"latch":"false",
"object":"/designs/b15/instances_seq/PhyAddrPointer_reg[4]",
"type":"instance"},
{"sequential":"true",
"gint_phase_inversion":"false",
"latch":"false",
"object":"/designs/b15/instances_seq/PhyAddrPointer_reg[5]",
"type":"instance"},
{"sequential":"true",
"gint_phase_inversion":"false",
"latch":"false",
"object":"/designs/b15/instances_seq/PhyAddrPointer_reg[6]",
"type":"instance"},
{"sequential":"true",
"gint_phase_inversion":"false",
"latch":"false",
"object":"/designs/b15/instances_seq/PhyAddrPointer_reg[7]",
"type":"instance"},
{"sequential":"true",
"gint_phase_inversion":"false",
"latch":"false",
"object":"/designs/b15/instances_seq/PhyAddrPointer_reg[8]",
"type":"instance"},
{"sequential":"true",
"gint_phase_inversion":"false",
"latch":"false",
"object":"/designs/b15/instances_seq/PhyAddrPointer_reg[9]",
"type":"instance"},
{"sequential":"true",
"gint_phase_inversion":"false",
"latch":"false",
"object":"/designs/b15/instances_seq/PhyAddrPointer_reg[10]",
"type":"instance"},
{"sequential":"true",
"gint_phase_inversion":"false",
"latch":"false",
"object":"/designs/b15/instances_seq/PhyAddrPointer_reg[11]",
"type":"instance"},
{"sequential":"true",
"gint_phase_inversion":"false",
"latch":"false",
"object":"/designs/b15/instances_seq/PhyAddrPointer_reg[12]",
"type":"instance"},
{"sequential":"true",
"gint_phase_inversion":"false",
"latch":"false",
"object":"/designs/b15/instances_seq/PhyAddrPointer_reg[13]",
"type":"instance"},
{"sequential":"true",
"gint_phase_inversion":"false",
"latch":"false",
"object":"/designs/b15/instances_seq/PhyAddrPointer_reg[14]",
"type":"instance"},
{"sequential":"true",
"gint_phase_inversion":"false",
"latch":"false",
"object":"/designs/b15/instances_seq/PhyAddrPointer_reg[15]",
"type":"instance"},
{"sequential":"true",
"gint_phase_inversion":"false",
"latch":"false",
"object":"/designs/b15/instances_seq/PhyAddrPointer_reg[16]",
"type":"instance"},
{"sequential":"true",
"gint_phase_inversion":"false",
"latch":"false",
"object":"/designs/b15/instances_seq/PhyAddrPointer_reg[17]",
"type":"instance"},
{"sequential":"true",
"gint_phase_inversion":"false",
"latch":"false",
"object":"/designs/b15/instances_seq/PhyAddrPointer_reg[18]",
"type":"instance"},
{"sequential":"true",
"gint_phase_inversion":"false",
"latch":"false",
"object":"/designs/b15/instances_seq/PhyAddrPointer_reg[19]",
"type":"instance"},
{"sequential":"true",
"gint_phase_inversion":"false",
"latch":"false",
"object":"/designs/b15/instances_seq/PhyAddrPointer_reg[20]",
"type":"instance"},
{"sequential":"true",
"gint_phase_inversion":"false",
"latch":"false",
"object":"/designs/b15/instances_seq/PhyAddrPointer_reg[21]",
"type":"instance"},
{"sequential":"true",
"gint_phase_inversion":"false",
"latch":"false",
"object":"/designs/b15/instances_seq/PhyAddrPointer_reg[22]",
"type":"instance"},
{"sequential":"true",
"gint_phase_inversion":"false",
"latch":"false",
"object":"/designs/b15/instances_seq/PhyAddrPointer_reg[23]",
"type":"instance"},
{"sequential":"true",
"gint_phase_inversion":"false",
"latch":"false",
"object":"/designs/b15/instances_seq/PhyAddrPointer_reg[24]",
"type":"instance"},
{"sequential":"true",
"gint_phase_inversion":"false",
"latch":"false",
"object":"/designs/b15/instances_seq/PhyAddrPointer_reg[25]",
"type":"instance"},
{"sequential":"true",
"gint_phase_inversion":"false",
"latch":"false",
"object":"/designs/b15/instances_seq/PhyAddrPointer_reg[26]",
"type":"instance"},
{"sequential":"true",
"gint_phase_inversion":"false",
"latch":"false",
"object":"/designs/b15/instances_seq/PhyAddrPointer_reg[27]",
"type":"instance"},
{"sequential":"true",
"gint_phase_inversion":"false",
"latch":"false",
"object":"/designs/b15/instances_seq/PhyAddrPointer_reg[28]",
"type":"instance"},
{"sequential":"true",
"gint_phase_inversion":"false",
"latch":"false",
"object":"/designs/b15/instances_seq/PhyAddrPointer_reg[29]",
"type":"instance"},
{"sequential":"true",
"gint_phase_inversion":"false",
"latch":"false",
"object":"/designs/b15/instances_seq/PhyAddrPointer_reg[30]",
"type":"instance"},
{"sequential":"true",
"gint_phase_inversion":"false",
"latch":"false",
"object":"/designs/b15/instances_seq/State2_reg[0]",
"type":"instance"},
{"sequential":"true",
"gint_phase_inversion":"false",
"latch":"false",
"object":"/designs/b15/instances_seq/State_reg[2]",
"type":"instance"},
{"index": "1", 
 "date": "Tue Nov 26 06:16:31 UTC 2024",
 "seconds": 1732601791.754853,
 "netlist": "fv/b15/fv_map.v.gz", 
 "netlist_exists": "1", 
 "netlist_normalize": "/DIG_DESIGN/INTERNS/dic_lab_02/sriman/fv/b15/fv_map.v.gz", 
 "netlist_mtime": "1732615603", 
 "netlist_timestamp": "Tue Nov 26 10:06:43 UTC 2024", 
 "netlist_size": "49476", 
 "netlist_cksum": "905798683", 
 "design_name": "b15", 
 "synth_workdir": "/DIG_DESIGN/INTERNS/dic_lab_02/sriman", 
 "synthesis_command":"",
 "current_label": "fv_map", 
 "previous_label": "rtl", 
 "write_verif_file_runtime": 1.8447069999999999 
 }
]
